id,dir,OmM,OmB,h,mean,median,std,min,max,range,q05,q25,q75,q95,iqr,w90,skew,kurt,grad_mean,rmse_to_mean,corr_to_mean,dist_mean,outlier_struct,outlier_maha
0,0000_0.14903_0.02182_0.83355,0.14903,0.02182,0.83355,9.71406078338623,9.709548950195312,0.14968982338905334,9.117794036865234,10.83549976348877,1.7177057266235352,9.474844694137573,9.613884925842285,9.807324409484863,9.968466758728027,0.19343948364257812,0.4936220645904541,0.2948235539505626,0.4172363525753604,0.06528729945421219,0.15386028972641752,0.7427105904830248,848.3461017844995,0.6284566589027747,2.2699342302514136
1,0001_0.15178_0.02178_0.68076,0.15178,0.02178,0.68076,9.658822059631348,9.646027565002441,0.23634213209152222,8.843825340270996,12.200031280517578,3.356205940246582,9.295517921447754,9.499602317810059,9.798966407775879,10.063663482666016,0.2993640899658203,0.7681455612182617,0.5534530437672479,1.0902974112001562,0.09402088820934296,0.09786826885658412,0.9233255025112511,694.7435097486774,-0.8647667120734466,1.4135849370311377
2,0002_0.14599_0.02194_0.71614,0.14599,0.02194,0.71614,9.690648078918457,9.679627418518066,0.21922233700752258,8.907918930053711,11.962915420532227,3.0549964904785156,9.350918769836426,9.543245315551758,9.82185959815979,10.065620422363281,0.2786142826080322,0.7147016525268555,0.5027475565449466,0.939968558996469,0.08825710415840149,0.100930590155477,0.8979667492372797,702.0727082850684,-0.7935170645251066,0.965996028419573
3,0003_0.13733_0.02178_0.58625,0.13733,0.02178,0.58625,9.612317085266113,9.589136123657227,0.32514822483062744,8.627437591552734,13.315469741821289,4.688032150268555,9.13157844543457,9.390419006347656,9.794473648071289,10.186258316040039,0.4040546417236328,1.0546798706054688,0.7632079208889322,1.6666172115581928,0.12438677996397018,0.17744433925977982,0.8984222753313205,922.5429672156282,1.3497497832343015,1.5555333863752203
4,0004_0.12340_0.02330_0.65643,0.1234,0.0233,0.65643,9.711277961730957,9.690732955932617,0.3067152202129364,8.758310317993164,13.229686737060547,4.471376419067383,9.253931045532227,9.502735137939453,9.88514232635498,10.248385429382324,0.38240718841552734,0.9944543838500977,0.72803007899846,1.5935167197937128,0.11800020188093185,0.12326936933077567,0.9391690222538186,759.6895256716342,-0.23340426211338233,1.8101782643140105
5,0005_0.13473_0.02295_0.62528,0.13473,0.02295,0.62528,9.664468765258789,9.643611907958984,0.3084295690059662,8.708390235900879,13.19994831085205,4.491558074951172,9.205028533935547,9.454678535461426,9.83906865119934,10.205096244812012,0.38439011573791504,1.0000677108764648,0.732313534221046,1.602749219176502,0.11864108592271805,0.12852880572822362,0.9364899206070577,774.2081782023674,-0.09226347154053872,0.9511856407448005
6,0006_0.15185_0.02208_0.66479,0.15185,0.02208,0.66479,9.654062271118164,9.639836311340332,0.2500142753124237,8.80909252166748,12.198080062866211,3.3889875411987305,9.272016525268555,9.485376358032227,9.8012056350708,10.083425045013428,0.3158292770385742,0.811408519744873,0.591993617158363,1.2078739209760831,0.09865126013755798,0.09534664751545488,0.9391310653024164,688.8217336174591,-0.9223343247004658,1.2549022899789966
7,0007_0.13957_0.02158_0.65572,0.13957,0.02158,0.65572,9.651982307434082,9.634380340576172,0.2816604971885681,8.746049880981445,12.812966346740723,4.066916465759277,9.227605819702148,9.461194038391113,9.814355850219727,10.140345573425293,0.3531618118286133,0.9127397537231445,0.6743918270495767,1.4513335614938532,0.10948074609041214,0.10219591531599626,0.9563427508158984,705.1441201966304,-0.7636588180759222,0.8341591545146197
8,0008_0.15160_0.02311_0.75054,0.1516,0.02311,0.75054,9.71513843536377,9.707289695739746,0.18720296025276184,9.015897750854492,11.390288352966309,2.3743906021118164,9.420769691467285,9.58959674835205,9.829143524169922,10.035619735717773,0.2395467758178711,0.6148500442504883,0.40592400828430497,0.6722265622652075,0.07763965427875519,0.12611480361784094,0.8352705714991533,767.5031923430658,-0.157444934004657,1.2990329705347898
9,0009_0.12351_0.02335_0.66721,0.12351,0.02335,0.66721,9.718857765197754,9.69908618927002,0.3006821870803833,8.776461601257324,13.193506240844727,4.417044639587402,9.269346952438354,9.514618873596191,9.890010833740234,10.244150161743164,0.37539196014404297,0.9748032093048096,0.7156869590836472,1.5637028352242481,0.11592867970466614,0.11557319061215904,0.9468783348477796,739.0648362514437,-0.43390392721130056,1.8556227221246726
10,0010_0.13597_0.02348_0.60303,0.13597,0.02348,0.60303,9.657979965209961,9.63582706451416,0.31846916675567627,8.684158325195312,13.314245223999023,4.630086898803711,9.185720443725586,9.440999984741211,9.837124824523926,10.218484878540039,0.39612483978271484,1.0327644348144531,0.751157493763008,1.6439191862046831,0.12206776440143585,0.14798850656781484,0.9163016668231595,830.5937700955266,0.4558801664363315,1.1160758501664687
11,0011_0.12364_0.02268_0.68939,0.12364,0.02268,0.68939,9.72104263305664,9.702919006347656,0.28671276569366455,8.805091857910156,13.020403861999512,4.2153120040893555,9.289836883544922,9.526803970336914,9.885793685913086,10.219053506851196,0.3589897155761719,0.9292166233062744,0.6851201221125574,1.4829130531826307,0.11114082485437393,0.1004319832754374,0.9558372253146286,700.8692549235927,-0.8052162465598492,1.5663506397701774
12,0012_0.12215_0.02222_0.73090,0.12215,0.02222,0.7309,9.744298934936523,9.72930908203125,0.25844478607177734,8.883386611938477,12.49952507019043,3.616138458251953,9.350685119628906,9.569801330566406,9.895614624023438,10.188868045806885,0.32581329345703125,0.8381829261779785,0.6139488202559914,1.2768581237398555,0.10144093632698059,0.09857076505607727,0.9469468724062153,696.4116308558715,-0.8485503358400294,1.5867688710669559
13,0013_0.14583_0.02306_0.84314,0.14583,0.02306,0.84314,9.747567176818848,9.743085861206055,0.14948958158493042,9.151968955993652,10.868316650390625,1.7163476943969727,9.508631706237793,9.64753246307373,9.84070873260498,10.001608848571777,0.19317626953125,0.4929771423339844,0.29402320949605254,0.41631822253074446,0.06520947068929672,0.16167466602548183,0.7422962542028687,872.4421275019151,0.8627023722856444,1.7902711391557704
14,0014_0.12583_0.02208_0.66800,0.12583,0.02208,0.668,9.691061973571777,9.671754837036133,0.2966131865978241,8.75624942779541,13.112903594970703,4.356654167175293,9.246966361999512,9.489710807800293,9.86038589477539,10.208370208740234,0.37067508697509766,0.9614038467407227,0.7076940185993914,1.542644989154713,0.1145709827542305,0.10762922029653116,0.9506570664582217,718.6094757897206,-0.6327574875474733,1.0617249728397764
15,0015_0.12226_0.02230_0.84993,0.12226,0.0223,0.84993,9.796662330627441,9.789572715759277,0.17986992001533508,9.117475509643555,11.36228084564209,2.244805335998535,9.512826681137085,9.676128387451172,9.906668663024902,10.104378700256348,0.23054027557373047,0.5915520191192627,0.38293073716579346,0.6163749023432743,0.07518278062343597,0.1653169737621312,0.8188033225088213,883.8459002383711,0.973562350243609,1.9778371386097768
16,0016_0.13555_0.02336_0.63565,0.13555,0.02336,0.63565,9.677678108215332,9.657774925231934,0.30149999260902405,8.73382568359375,13.156119346618652,4.422293663024902,9.227204084396362,9.472856521606445,9.849188804626465,10.204601526260376,0.37633228302001953,0.9773974418640137,0.7181553500577166,1.569091661861746,0.11625663936138153,0.11540519072987865,0.9459562324689019,738.6232386155845,-0.43819684897579186,0.9383286655092026
17,0017_0.15415_0.02243_0.79199,0.15415,0.02243,0.79199,9.706559181213379,9.701028823852539,0.16184169054031372,9.07451343536377,10.982293128967285,1.9077796936035156,9.449204444885254,9.598199844360352,9.806585311889648,9.982553720474243,0.20838546752929688,0.5333492755889893,0.3303161958616143,0.4912211887623994,0.0693008303642273,0.14433109231115515,0.774205437957388,819.6994033734504,0.3499722986993348,2.1064649368069692
18,0018_0.15051_0.02245_0.55234,0.15051,0.02245,0.55234,9.580516815185547,9.556713104248047,0.32897669076919556,8.589316368103027,13.38273811340332,4.793421745300293,9.095027923583984,9.35584831237793,9.764382362365723,10.16202163696289,0.40853404998779297,1.0669937133789062,0.7699412735973957,1.6780514157139157,0.12570922076702118,0.20110425171314264,0.8865531863707768,1000.8494889089088,2.1109942827085924,2.242340597728573
19,0019_0.14967_0.02232_0.58228,0.14967,0.02232,0.58228,9.599175453186035,9.577461242675781,0.31456199288368225,8.631576538085938,13.200319290161133,4.568742752075195,9.132036209106445,9.384950637817383,9.776542901992798,10.151984453201294,0.39159226417541504,1.0199482440948486,0.7449079653402612,1.6301813103397373,0.12079713493585587,0.16596653051094035,0.9251553155553727,885.8906453283025,0.993440017120887,1.8899492439171364
20,0020_0.14779_0.02159_0.74635,0.14779,0.02159,0.74635,9.692286491394043,9.68361759185791,0.19557814300060272,8.969766616821289,11.482741355895996,2.512974739074707,9.38590145111084,9.560999870300293,9.810830116271973,10.02711009979248,0.2498302459716797,0.6412086486816406,0.4312889297283383,0.7386735652318941,0.08041340112686157,0.11800825101298366,0.8533514931224404,745.5076876098341,-0.3712707639517199,1.5416528162523626
21,0021_0.12588_0.02164_0.77056,0.12588,0.02164,0.77056,9.748748779296875,9.737740516662598,0.21966297924518585,8.965710639953613,12.032973289489746,3.067262649536133,9.408321380615234,9.601086616516113,9.880232810974121,10.124381065368652,0.2791461944580078,0.716059684753418,0.5033583469232689,0.9435706562481152,0.08836324512958527,0.11414166832904957,0.8989371844761664,735.3141619763924,-0.4703655155881412,1.090035554603891
22,0022_0.14166_0.02288_0.61201,0.14166,0.02288,0.61201,9.642828941345215,9.622130393981934,0.3071882426738739,8.688583374023438,13.165423393249512,4.476840019226074,9.185091972351074,9.4338960647583,9.816914558410645,10.18097972869873,0.38301849365234375,0.9958877563476562,0.7301951243475138,1.5974766072227737,0.11824414134025574,0.13334116677656982,0.9384411911369323,787.775632410973,0.03963039457478573,1.006784592672487
23,0023_0.13375_0.02268_0.56844,0.13375,0.02268,0.56844,9.626043319702148,9.60114049911499,0.3363425135612488,8.625448226928711,13.551435470581055,4.925987243652344,9.131072044372559,9.396005630493164,9.813271522521973,10.222405672073364,0.4172658920288086,1.0913336277008057,0.7805405180443816,1.6924754415628467,0.12815988063812256,0.19509793685144786,0.8603618947593903,980.6536783160208,1.9146638954838986,1.4341788227207595
24,0024_0.12751_0.02317_0.81770,0.12751,0.02317,0.8177,9.79124927520752,9.783417701721191,0.1875530332326889,9.092138290405273,11.473989486694336,2.3818511962890625,9.496261596679688,9.665512084960938,9.905474662780762,10.112259864807129,0.23996257781982422,0.6159982681274414,0.40601511625746867,0.6748685448129628,0.07771053910255432,0.15728020271322654,0.8363777918133999,858.8276346348043,0.7303512272709963,1.8967613457326846
25,0025_0.13482_0.02244_0.84024,0.13482,0.02244,0.84024,9.763702392578125,9.757946014404297,0.16479478776454926,9.122430801391602,11.075748443603516,1.953317642211914,9.501954078674316,9.653376579284668,9.865382194519043,10.044915199279785,0.212005615234375,0.5429611206054688,0.33852196279363,0.5107729983721692,0.0702473446726799,0.15756277933574978,0.7819024830044298,859.6982078876407,0.7388143678342682,1.4922470461369957
26,0026_0.12115_0.02259_0.80511,0.12115,0.02259,0.80511,9.7918701171875,9.782161712646484,0.20695416629314423,9.040739059448242,11.81418514251709,2.7734460830688477,9.469215393066406,9.65289306640625,9.916574478149414,10.145852327346802,0.26368141174316406,0.6766369342803955,0.4646041422214984,0.8335170082282723,0.08410997688770294,0.14631244424181744,0.876548925143049,825.585291619591,0.4071910329121118,2.104717341540199
27,0027_0.12056_0.02215_0.63806,0.12056,0.02215,0.63806,9.683648109436035,9.661393165588379,0.3194607198238373,8.708536148071289,13.342300415039062,4.633764266967773,9.210029602050781,9.465970039367676,9.863236427307129,10.2460777759552,0.3972663879394531,1.036048173904419,0.752466962829705,1.6469186404734302,0.12237295508384705,0.145807684294534,0.9138398954700048,824.0822187905751,0.39257914748219386,1.4997108958754641
28,0028_0.15343_0.02187_0.73843,0.15343,0.02187,0.73843,9.683581352233887,9.675283432006836,0.19184787571430206,8.970735549926758,11.424333572387695,2.4535980224609375,9.382553100585938,9.554861068725586,9.800118446350098,10.01200795173645,0.24525737762451172,0.6294548511505127,0.4203417448962525,0.7087484245546558,0.07918526977300644,0.1213645972827873,0.8453673564898635,754.5145760063897,-0.2837117190472248,1.8477662550398104
29,0029_0.13838_0.02272_0.56189,0.13838,0.02272,0.56189,9.613780975341797,9.58906364440918,0.33509039878845215,8.61394214630127,13.538063049316406,4.924120903015137,9.120454788208008,9.38461685180664,9.800448417663574,10.20764446258545,0.4158315658569336,1.0871896743774414,0.7789310279110235,1.6902959658517833,0.12775632739067078,0.19701840765818524,0.8651315899346997,987.0892247077236,1.9772260446620273,1.557577796217147
30,0030_0.13219_0.02206_0.71865,0.13219,0.02206,0.71865,9.717916488647461,9.704291343688965,0.24492914974689484,8.88316535949707,12.271784782409668,3.3886194229125977,9.342704772949219,9.55277156829834,9.862496376037598,10.1380033493042,0.3097248077392578,0.7952985763549805,0.577103441568822,1.1641147766854347,0.09687065333127975,0.0906166958960827,0.933986356635996,677.9998353170623,-1.0275377021064394,0.5492312460745035
31,0031_0.12049_0.02223_0.74958,0.12049,0.02223,0.74958,9.759575843811035,9.745736122131348,0.24738357961177826,8.919684410095215,12.298906326293945,3.3792219161987305,9.380919456481934,9.592801094055176,9.90540599822998,10.184051513671875,0.3126049041748047,0.8031320571899414,0.5833804139315922,1.1846580553671044,0.09766405820846558,0.10838727528433359,0.936824217949394,720.5229340689821,-0.6141561046924572,1.8169789503675347
32,0032_0.12704_0.02298_0.77130,0.12704,0.02298,0.7713,9.772722244262695,9.762033462524414,0.21674084663391113,8.99804401397705,12.000144958496094,3.002100944519043,9.436347007751465,9.627047538757324,9.902641296386719,10.143335342407227,0.27559375762939453,0.7069883346557617,0.4943786896088154,0.9179999728067711,0.08737144619226456,0.1287960765640737,0.8941229963491653,774.9547520402222,-0.08500577173177441,1.7003015754870578
33,0033_0.12094_0.02178_0.71037,0.12094,0.02178,0.71037,9.72246265411377,9.705395698547363,0.27742817997932434,8.825390815734863,12.855118751525879,4.029727935791016,9.303498268127441,9.534682273864746,9.882882118225098,10.202625274658203,0.34819984436035156,0.8991270065307617,0.6629809389616507,1.4208728357342197,0.10795692354440689,0.09432695563968492,0.9561886185891314,686.4568137284082,-0.9453245203867067,1.3797957321239633
34,0034_0.14104_0.02192_0.77141,0.14104,0.02192,0.77141,9.721539497375488,9.713330268859863,0.1911105364561081,9.011883735656738,11.452757835388184,2.4408740997314453,9.42151165008545,9.593317031860352,9.837668418884277,10.048649787902832,0.24435138702392578,0.6271381378173828,0.41751656965337935,0.702771429213509,0.07892211526632309,0.12434826973134425,0.8439195811998659,762.6406351181186,-0.20471551710332794,1.1157309560089548
35,0035_0.14563_0.02182_0.74474,0.14563,0.02182,0.74474,9.70079231262207,9.691691398620605,0.2000942826271057,8.966217994689941,11.5625,2.5962820053100586,9.387989044189453,9.566446304321289,9.821786880493164,10.043313980102539,0.255340576171875,0.6553249359130859,0.44511417880101856,0.7759084774189842,0.08190170675516129,0.11470606085264351,0.8626873383527071,736.789598632666,-0.4560222908525266,1.2357850713847767
36,0036_0.12405_0.02275_0.58061,0.12405,0.02275,0.58061,9.654826164245605,9.629278182983398,0.34004631638526917,8.649168968200684,13.591598510742188,4.942429542541504,9.15513801574707,9.422079086303711,9.843770980834961,10.258502960205078,0.42169189453125,1.1033649444580078,0.7853329044298858,1.6973594367889158,0.12938657402992249,0.19561379558267772,0.8457201805553148,982.3802807445458,1.9314487886584653,1.5585942890257733
37,0037_0.13858_0.02274_0.63441,0.13858,0.02274,0.63441,9.660421371459961,9.640918731689453,0.29796096682548523,8.722827911376953,13.10023307800293,4.377405166625977,9.214635848999023,9.458089828491211,9.83030891418457,10.180452346801758,0.3722190856933594,0.9658164978027344,0.7109528738059406,1.550537357780473,0.1150708720088005,0.11452665296416041,0.9494843061636853,736.3201215682833,-0.46058623808402904,0.7582623187511947
38,0038_0.14121_0.02190_0.66528,0.14121,0.0219,0.66528,9.66358757019043,9.647140502929688,0.2711317539215088,8.779247283935547,12.731658935546875,3.952411651611328,9.253074645996094,9.480186462402344,9.82101821899414,10.131914138793945,0.3408317565917969,0.8788394927978516,0.6482316723449566,1.376843182020247,0.10585612803697586,0.09265459913213207,0.954248587530873,682.6159225525549,-0.9826631381349206,0.6284543724188676
39,0039_0.12160_0.02197_0.76592,0.1216,0.02197,0.76592,9.761752128601074,9.749452590942383,0.23235580325126648,8.95809555053711,12.261604309082031,3.303508758544922,9.403712272644043,9.605375289916992,9.89989972114563,10.159453392028809,0.2945244312286377,0.7557411193847656,0.5405814574573135,1.054804165218017,0.09259545803070068,0.11463041511159412,0.9183542210930544,736.5915990366425,-0.4579471126950977,1.614875038065484
40,0040_0.12322_0.02170_0.71615,0.12322,0.0217,0.71615,9.721702575683594,9.705673217773438,0.26801663637161255,8.843731880187988,12.717276573181152,3.873544692993164,9.315254211425781,9.540521621704102,9.877638816833496,10.184114456176758,0.33711719512939453,0.8688602447509766,0.6394611961554971,1.3527366297969055,0.1047363132238388,0.090430251331791,0.9530301296288526,677.5810949507585,-1.0316084205301896,1.135456879672552
41,0041_0.13107_0.02170_0.60411,0.13107,0.0217,0.60411,9.633485794067383,9.610618591308594,0.32326027750968933,8.651813507080078,13.318742752075195,4.666929244995117,9.15513300895691,9.412991523742676,9.81476879119873,10.203631401062012,0.4017772674560547,1.0484983921051025,0.7597760000481908,1.6606270767773053,0.12372294813394547,0.16494654603124323,0.9038214594453176,882.6813056063164,0.9622409272178054,1.2372491126026464
42,0042_0.13047_0.02321_0.64533,0.13047,0.02321,0.64533,9.689773559570312,9.669681549072266,0.3029797375202179,8.743430137634277,13.165781021118164,4.422350883483887,9.237361907958984,9.483914375305176,9.861967086791992,10.219602823257446,0.3780527114868164,0.9822409152984619,0.7208756839816554,1.5760583858249184,0.1167512759566307,0.11642733754337102,0.9442233954363114,741.3158516611334,-0.41202103595519246,1.1994127098500516
43,0043_0.14564_0.02157_0.56588,0.14564,0.02157,0.56588,9.580275535583496,9.556785583496094,0.3268637955188751,8.592644691467285,13.309610366821289,4.716965675354004,9.097394943237305,9.357134819030762,9.763178825378418,10.15766453742981,0.40604400634765625,1.0602695941925049,0.7666171287282361,1.672770491439576,0.12499607354402542,0.19740140014518023,0.8932598133374018,988.3751343645307,1.98972681256613,2.2639606659436247
44,0044_0.13830_0.02266_0.73865,0.1383,0.02266,0.73865,9.729473114013672,9.718716621398926,0.21716634929180145,8.952483177185059,11.962235450744629,3.0097522735595703,9.39258098602295,9.583490371704102,9.859622955322266,10.100898742675781,0.27613258361816406,0.708317756652832,0.49628734955664205,0.9219296330562936,0.08754619210958481,0.10796088217452236,0.8946625649587204,719.4456194342034,-0.6246290489912814,0.6741721352931384
45,0045_0.13629_0.02283_0.84772,0.13629,0.02283,0.84772,9.768695831298828,9.763386726379395,0.15945681929588318,9.145654678344727,11.016890525817871,1.8712358474731445,9.514845848083496,9.661962509155273,9.867409706115723,10.040409088134766,0.20544719696044922,0.5255632400512695,0.32280160443288447,0.4763302983690618,0.06848837435245514,0.16333634174921097,0.7683307145113016,877.6315492244872,0.9131505170421416,1.5874092487751308
46,0046_0.12370_0.02237_0.65753,0.1237,0.02237,0.65753,9.69368839263916,9.673261642456055,0.30572909116744995,8.741957664489746,13.197547912597656,4.45559024810791,9.237687110900879,9.485847473144531,9.867091178894043,10.228904724121094,0.3812437057495117,0.9912176132202148,0.7263822004787645,1.589328665927919,0.1176849901676178,0.12055355134113661,0.940601685147396,752.3249086061309,-0.3049982253059779,1.3566758464211492
47,0047_0.13785_0.02220_0.79236,0.13785,0.0222,0.79236,9.740463256835938,9.732921600341797,0.18424880504608154,9.04997730255127,11.371946334838867,2.3219690322875977,9.450305938720703,9.616957664489746,9.8528413772583,10.05581784248352,0.2358837127685547,0.6055119037628174,0.39667777321931985,0.6492377419403623,0.07665318250656128,0.1347460438835648,0.8286973158006176,791.7853059263991,0.07860980321537922,1.141227822737515
48,0048_0.15441_0.02264_0.56391,0.15441,0.02264,0.56391,9.585371971130371,9.562959671020508,0.3196536898612976,8.609540939331055,13.234237670898438,4.624696731567383,9.111788749694824,9.367472648620605,9.765010833740234,10.148260116577148,0.3975381851196289,1.0364713668823242,0.7542691374089671,1.6497230225057535,0.12254463136196136,0.18209943232453807,0.9134555248858758,937.673279273304,1.4968367254222035,2.1953594210182747
49,0049_0.14984_0.02218_0.59465,0.14984,0.02218,0.59465,9.60458755493164,9.583832740783691,0.30748313665390015,8.649637222290039,13.12741470336914,4.477777481079102,9.146585464477539,9.395417213439941,9.778774499893188,10.143327713012695,0.38335728645324707,0.9967422485351562,0.7312788066587659,1.5993939474020813,0.11838344484567642,0.1526998986177371,0.9379858592048425,844.8130204469837,0.594110365947587,1.8125942192754418
50,0050_0.15361_0.02316_0.79219,0.15361,0.02316,0.79219,9.721761703491211,9.71618938446045,0.16240110993385315,9.088560104370117,11.004866600036621,1.916306495666504,9.463580131530762,9.61303424835205,9.82209587097168,9.99873161315918,0.2090616226196289,0.535151481628418,0.33182103381164885,0.4950098019957698,0.06947872042655945,0.14596089087002484,0.7756830454348466,824.5381771380861,0.3970116746399149,1.8086966009554004
51,0051_0.12386_0.02348_0.55223,0.12386,0.02348,0.55223,9.653603553771973,9.626262664794922,0.35062453150749207,8.635619163513184,13.735639572143555,5.100020408630371,9.140657424926758,9.412993431091309,9.84760570526123,10.278576850891113,0.4346122741699219,1.1379194259643555,0.7989672534983526,1.7062991455505356,0.13295871019363403,0.22110173268701003,0.7999318651441817,1069.4301572740178,2.7776904330969128,1.789244340240864
52,0052_0.12506_0.02157_0.82134,0.12506,0.02157,0.82134,9.767388343811035,9.759317398071289,0.1899212896823883,9.06165599822998,11.483070373535156,2.421414375305176,9.46901798248291,9.640010833740234,9.882851600646973,10.092451095581055,0.24284076690673828,0.6234331130981445,0.4134583983018723,0.6933852483491827,0.07850361615419388,0.14229413999408524,0.8415139494046283,813.6885341853817,0.29153858197265486,1.3781873040463617
53,0053_0.12049_0.02162_0.66240,0.12049,0.02162,0.6624,9.687896728515625,9.667190551757812,0.3077472448348999,8.73307991027832,13.2125244140625,4.47944450378418,9.229304313659668,9.478586196899414,9.86223316192627,10.227107048034668,0.38364696502685547,0.997802734375,0.7304744983338269,1.598872312821931,0.11838120222091675,0.12399897207351826,0.9375853704094836,761.6836395816416,-0.21401879826575798,1.2835363584679078
54,0054_0.14368_0.02332_0.65562,0.14368,0.02332,0.65562,9.680252075195312,9.663461685180664,0.27437689900398254,8.789161682128906,12.797614097595215,4.008452415466309,9.26542067527771,9.494589805603027,9.839232444763184,10.154685020446777,0.34464263916015625,0.8892643451690674,0.6562163366551129,1.4003065900304028,0.10696116089820862,0.08976823870291595,0.9553856480072952,676.0991490582376,-1.0460149237792908,0.3584113184764615
55,0055_0.13632_0.02155_0.62177,0.13632,0.02155,0.62177,9.632046699523926,9.611196517944336,0.30840709805488586,8.675904273986816,13.167553901672363,4.491649627685547,9.172747611999512,9.422225952148438,9.806655883789062,10.17261028289795,0.384429931640625,0.9998626708984375,0.7327326778408434,1.6032397071144286,0.11867129057645798,0.13968409173983043,0.9365240002586618,806.0475288195452,0.21725775351267035,1.1825113958689897
56,0056_0.13861_0.02267_0.56042,0.13861,0.02267,0.56042,9.611531257629395,9.58672046661377,0.335502952337265,8.611337661743164,13.536160469055176,4.924822807312012,9.117699384689331,9.382089614868164,9.798385620117188,10.2061607837677,0.41629600524902344,1.0884613990783691,0.7794863253787542,1.6910115367982836,0.1278933882713318,0.19883330628580248,0.863592667178473,993.1900571686951,2.036534325156464,1.5921765538573045
57,0057_0.14848_0.02178_0.71291,0.14848,0.02178,0.71291,9.681443214416504,9.670619010925293,0.2171563059091568,8.901657104492188,11.910857200622559,3.009200096130371,9.34462833404541,9.535433769226074,9.81156063079834,10.052885293960571,0.2761268615722656,0.7082569599151611,0.4966701742072801,0.9218584920970456,0.08757580816745758,0.10309074993693057,0.8944441690122379,707.3311444396115,-0.7423980068537431,1.2510703308406426
58,0058_0.12109_0.02272_0.64820,0.12109,0.02272,0.6482,9.699763298034668,9.67825698852539,0.31392982602119446,8.734116554260254,13.302797317504883,4.568680763244629,9.233153104782104,9.486068725585938,9.876846313476562,10.25123405456543,0.390777587890625,1.0180809497833252,0.7422147258324283,1.625475571261033,0.12047024816274643,0.1347869384538902,0.9264052843144567,791.9023555077912,0.07974768225883205,1.7109507907279178
59,0059_0.14671_0.02346_0.60769,0.14671,0.02346,0.60769,9.642821311950684,9.622629165649414,0.3035222589969635,8.695230484008789,13.119879722595215,4.424649238586426,9.189849853515625,9.436492919921875,9.815250396728516,10.173739433288574,0.3787574768066406,0.9838895797729492,0.7227288433855074,1.5795556343144037,0.1169891506433487,0.12806437087510533,0.9435318162435579,772.912865944471,-0.10485564534807319,0.9887252426911773
60,0060_0.14449_0.02179_0.77863,0.14449,0.02179,0.77863,9.713207244873047,9.705910682678223,0.18163245916366577,9.029046058654785,11.302864074707031,2.273818016052246,9.42690372467041,9.591471672058105,9.8241605758667,10.024048089981079,0.23268890380859375,0.597144365310669,0.38922761495371044,0.6294764254859846,0.07580598443746567,0.13009115029860072,0.8225759893302531,778.5839742807567,-0.04972486015204645,1.471076760658694
61,0061_0.15278_0.02277_0.83918,0.15278,0.02277,0.83918,9.724078178405762,9.720060348510742,0.14341336488723755,9.145718574523926,10.770895957946777,1.6251773834228516,9.494314908981323,9.62810230255127,9.813798904418945,9.967363357543945,0.18569660186767578,0.47304844856262207,0.2767591448007324,0.3824554654567103,0.06320328265428543,0.15971771210525157,0.7261346406908483,866.3594140407955,0.8035702327903861,2.2457816046425787
62,0062_0.12597_0.02215_0.56044,0.12597,0.02215,0.56044,9.62767219543457,9.601059913635254,0.34610915184020996,8.614836692810059,13.535698890686035,4.920862197875977,9.120429754257202,9.390419960021973,9.819448471069336,10.24350357055664,0.4290285110473633,1.1230738162994385,0.7937993177258151,1.7046599677070953,0.13146090507507324,0.21678771770743702,0.8201921077244534,1054.4732262732964,2.6322889875070663,1.5558196092077785
63,0063_0.12991_0.02169_0.71780,0.12991,0.02169,0.7178,9.713461875915527,9.699244499206543,0.25077322125434875,8.8701810836792,12.284820556640625,3.414639472961426,9.330281257629395,9.544292449951172,9.861001014709473,10.14407467842102,0.3167085647583008,0.813793420791626,0.5936530565775284,1.213982746214966,0.09886031597852707,0.08807783966497652,0.9400899818886584,672.3500248202699,-1.0824614437151074,0.5194834024662948
64,0064_0.14609_0.02247_0.69455,0.14609,0.02247,0.69455,9.689356803894043,9.676663398742676,0.2357948273420334,8.876091957092285,12.224396705627441,3.3483047485351562,9.326760292053223,9.530518531799316,9.82925796508789,10.093206405639648,0.2987394332885742,0.7664461135864258,0.5515863444374866,1.0854543119635363,0.09381119161844254,0.09145308491504782,0.9227208465171642,679.885717726596,-1.0092043937194826,0.569897192783015
65,0065_0.15333_0.02218_0.81047,0.15333,0.02218,0.81047,9.706972122192383,9.702075958251953,0.1544589251279831,9.097670555114746,10.89039134979248,1.7927207946777344,9.460653305053711,9.603580474853516,9.802897453308105,9.969861030578613,0.19931697845458984,0.5092077255249023,0.3089801077067836,0.445552406146394,0.06686646491289139,0.14974491219609812,0.7551721594412008,835.8707690318681,0.5071796792630696,2.2889554170480153
66,0066_0.13139_0.02181_0.57726,0.13139,0.02181,0.57726,9.618948936462402,9.594295501708984,0.33479875326156616,8.619630813598633,13.539101600646973,4.91947078704834,9.12598705291748,9.38998293876648,9.80547046661377,10.212255477905273,0.41548752784729004,1.086268424987793,0.7784481751212521,1.6898045099734738,0.12764579057693481,0.1943388590041966,0.8661838009022077,978.1158072789528,1.8899923824915286,1.48849568349497
67,0067_0.14315_0.02312_0.82125,0.14315,0.02312,0.82125,9.751752853393555,9.746220588684082,0.16211055219173431,9.11922836303711,11.030564308166504,1.9113359451293945,9.493992805480957,9.643233299255371,9.851949691772461,10.028207063674927,0.20871639251708984,0.5342142581939697,0.33079892097282143,0.4932652114977656,0.06937022507190704,0.1545678800130471,0.7750540377506941,850.5063889593372,0.6494575499341936,1.514412837272335
68,0068_0.13400_0.02344_0.66217,0.134,0.02344,0.66217,9.70036792755127,9.682212829589844,0.28674519062042236,8.784181594848633,12.995490074157715,4.211308479309082,9.269165992736816,9.506104469299316,9.865128517150879,10.198438882827759,0.3590240478515625,0.9292728900909424,0.6855611985112136,1.4835736487455033,0.11117538809776306,0.09710857898270053,0.9557787505438022,692.9485370890691,-0.8822162556655587,1.0205632341887951
69,0069_0.12241_0.02296_0.72136,0.12241,0.02296,0.72136,9.751161575317383,9.73537826538086,0.26574578881263733,8.878503799438477,12.684260368347168,3.8057565689086914,9.347714185714722,9.571585655212402,9.906044006347656,10.209182739257812,0.3344583511352539,0.8614685535430908,0.6331120783900425,1.3348082790338385,0.1039252057671547,0.10269581487297155,0.9519212766653862,706.3643889961282,-0.7517961674127204,1.9449623457953156
70,0070_0.14210_0.02331_0.61434,0.1421,0.02331,0.61434,9.65178394317627,9.631341934204102,0.3053293824195862,8.700870513916016,13.14825439453125,4.447383880615234,9.196433067321777,9.444144248962402,9.825011253356934,10.186257600784302,0.38086700439453125,0.9898245334625244,0.7263036142631518,1.5882471976562096,0.1175970584154129,0.12732747002583372,0.9411408601504975,770.8628251715475,-0.12478479337227934,0.8993616840732135
71,0071_0.13339_0.02237_0.63213,0.13339,0.02237,0.63213,9.660103797912598,9.639571189880371,0.30641236901283264,8.707189559936523,13.17208480834961,4.464895248413086,9.203330993652344,9.451714515686035,9.833796739578247,10.19668197631836,0.3820822238922119,0.9933509826660156,0.7283248909463805,1.5932780610744803,0.11796145886182785,0.12643137303871305,0.9396004367149837,768.3785390481441,-0.14893538907832451,0.8928588245921958
72,0072_0.12613_0.02175_0.57596,0.12613,0.02175,0.57596,9.627971649169922,9.602416038513184,0.34010210633277893,8.622246742248535,13.558509826660156,4.936263084411621,9.128313779830933,9.395230293273926,9.816959381103516,10.23176097869873,0.42172908782958984,1.1034471988677979,0.7859197469486656,1.698426592096113,0.12943658232688904,0.20288321026611733,0.8455492547453233,1006.8690093396172,2.1695121011260463,1.4689652207065165
73,0073_0.13887_0.02306_0.75116,0.13887,0.02306,0.75116,9.741193771362305,9.731371879577637,0.20752017199993134,8.987275123596191,11.770736694335938,2.783461570739746,9.41779112815857,9.601794242858887,9.866195678710938,10.096210718154907,0.2644014358520508,0.6784195899963379,0.46697699770454515,0.8384803152912834,0.08433304727077484,0.11849777432223454,0.8773891181533212,746.8123025593362,-0.3585881554950394,0.8903744757742217
74,0074_0.15439_0.02164_0.75951,0.15439,0.02164,0.75951,9.683117866516113,9.676112174987793,0.17812420427799225,9.005298614501953,11.215499877929688,2.2102012634277344,9.401915550231934,9.563706398010254,9.792119026184082,9.987881660461426,0.22841262817382812,0.5859661102294922,0.3787344505197996,0.603244704637151,0.07466896623373032,0.13199528913862865,0.8142291569434311,783.9548334586212,0.002487100208226048,2.214252288865646
75,0075_0.12742_0.02316_0.81928,0.12742,0.02316,0.81928,9.791707992553711,9.783967971801758,0.186851367354393,9.094861030578613,11.464159965515137,2.3692989349365234,9.497747421264648,9.666459083557129,9.905557632446289,10.11157512664795,0.23909854888916016,0.6138277053833008,0.4041188918622568,0.6693555270699338,0.07747947424650192,0.15800285356624044,0.8348035596395746,861.0553643284388,0.7520077501112942,1.9030907794067313
76,0076_0.15078_0.02162_0.70258,0.15078,0.02162,0.70258,9.66920280456543,9.658007621765137,0.22080621123313904,8.882299423217773,11.971264839172363,3.08896541595459,9.327282905578613,9.520715713500977,9.801301002502441,10.04693603515625,0.28058528900146484,0.7196531295776367,0.5079078027073739,0.9540354945910199,0.0887996032834053,0.10302716874948437,0.9004897709643587,707.1753484878111,-0.7439125526257158,1.48898454504318
77,0077_0.14832_0.02317_0.77248,0.14832,0.02317,0.77248,9.729570388793945,9.722494125366211,0.1794346272945404,9.0509672164917,11.28488540649414,2.2339181900024414,9.446432113647461,9.609310150146484,9.839320182800293,10.036587953567505,0.2300100326538086,0.590155839920044,0.3824404430739789,0.6130666931537863,0.07507579028606415,0.13505317712639217,0.8174961135854483,792.6647845136807,0.08715951558283563,1.295407093871308
78,0078_0.14941_0.02325_0.69449,0.14941,0.02325,0.69449,9.698857307434082,9.686785697937012,0.2295571118593216,8.9014892578125,12.160680770874023,3.2591915130615234,9.344798803329468,9.544329643249512,9.835535049438477,10.09173583984375,0.29120540618896484,0.7469370365142822,0.5332987141860154,1.0305949813954198,0.09170826524496078,0.09462042382131328,0.9140988354668845,687.1356675485641,-0.938725150048627,0.5141214730908346
79,0079_0.12782_0.02169_0.71245,0.12782,0.02169,0.71245,9.712575912475586,9.697376251220703,0.2602209448814392,8.846907615661621,12.4985990524292,3.651691436767578,9.316658973693848,9.536789894104004,9.864763259887695,10.160377740859985,0.3279733657836914,0.8437187671661377,0.6190487271050629,1.2916787216107641,0.10208028554916382,0.08706780077565043,0.9481730991087846,670.1340776794482,-1.10400342432668,0.6920903686550214
80,0080_0.13133_0.02158_0.57905,0.13133,0.02158,0.57905,9.615508079528809,9.59091854095459,0.3341081738471985,8.617549896240234,13.531148910522461,4.913599014282227,9.123437881469727,9.387080192565918,9.801724433898926,10.207364082336426,0.4146442413330078,1.0839262008666992,0.7774510193471044,1.6883477122372978,0.1274189054965973,0.19421581618591657,0.8687514962902292,977.7047369949569,1.885996227563144,1.5283297740926762
81,0081_0.12576_0.02162_0.82943,0.12576,0.02162,0.82943,9.768797874450684,9.761260986328125,0.1843160092830658,9.07858657836914,11.402369499206543,2.3237829208374023,9.478514671325684,9.64525032043457,9.881243705749512,10.084270477294922,0.2359933853149414,0.6057558059692383,0.3965757089144943,0.6499624035863265,0.07665818184614182,0.14675764502433783,0.8289755884004374,826.9130480505761,0.42009860763095885,1.4078473750907108
82,0082_0.13957_0.02248_0.61308,0.13957,0.02248,0.61308,9.639264106750488,9.618322372436523,0.3091605305671692,8.682044982910156,13.1875581741333,4.5055131912231445,9.178979873657227,9.428911209106445,9.814209938049316,10.181326866149902,0.3852987289428711,1.0023469924926758,0.7340718978370446,1.6065022736681653,0.11892150342464447,0.13777053964412878,0.935291085549404,800.490115763741,0.16323223905286288,1.0662259082395278
83,0083_0.14800_0.02224_0.55682,0.148,0.02224,0.55682,9.583632469177246,9.559823036193848,0.3290453255176544,8.592411994934082,13.39084529876709,4.798433303833008,9.098061561584473,9.358922004699707,9.767560005187988,10.165295600891113,0.40863800048828125,1.0672340393066406,0.7701662881122247,1.6781887028803686,0.1257319301366806,0.19947177407269373,0.8863324506920526,995.340640904043,2.057440885731391,2.1664668381726555
84,0084_0.14416_0.02296_0.81089,0.14416,0.02296,0.81089,9.744219779968262,9.738383293151855,0.16558940708637238,9.100497245788574,11.068594932556152,1.9680976867675781,9.481329917907715,9.633357048034668,9.846330642700195,10.026843070983887,0.21297359466552734,0.5455131530761719,0.3410794505880426,0.5159289536722134,0.07051738351583481,0.14949467804508473,0.783820722180436,835.1172070773432,0.4998540455803209,1.47751588374458
85,0085_0.14626_0.02179_0.77203,0.14626,0.02179,0.77203,9.707405090332031,9.699993133544922,0.18268191814422607,9.02039909362793,11.313443183898926,2.293044090270996,9.419565200805664,9.584944725036621,9.818947792053223,10.020089149475098,0.23400306701660156,0.6005239486694336,0.3925023365810186,0.6373087997724651,0.07615669816732407,0.12858681199115507,0.8249708299365425,774.3701414922187,-0.09068897096446918,1.5519254487962766
86,0086_0.14098_0.02298_0.76733,0.14098,0.02298,0.76733,9.740901947021484,9.732453346252441,0.19364315271377563,9.024347305297852,11.506989479064941,2.48264217376709,9.437225103378296,9.610967636108398,9.85840892791748,10.072332382202148,0.24744129180908203,0.6351072788238525,0.42498090707223857,0.7230234003607703,0.07974624633789062,0.12808214632527246,0.8494531516499485,772.9623987200009,-0.10437412028348775,1.0025213470849883
87,0087_0.15204_0.02166_0.70906,0.15204,0.02166,0.70906,9.670829772949219,9.660356521606445,0.21381986141204834,8.899663925170898,11.830228805541992,2.9305648803710938,9.338726997375488,9.527107954025269,9.799166679382324,10.036633491516113,0.27205872535705566,0.697906494140625,0.48689557516548254,0.8928805998265505,0.08647240698337555,0.1072184991866448,0.8886027690246919,717.5762427376972,-0.6428018996924628,1.6179015773080843
88,0088_0.12554_0.02307_0.59113,0.12554,0.02307,0.59113,9.663763046264648,9.639205932617188,0.3343771994113922,8.665776252746582,13.584944725036621,4.919168472290039,9.171174049377441,9.435189008712769,9.850128173828125,10.256119728088379,0.41493916511535645,1.0849456787109375,0.7769125912964623,1.6872188036688565,0.12745830416679382,0.18071583122142934,0.8676784812430575,933.1610371072472,1.4529716749138823,1.5359542128656438
89,0089_0.15252_0.02253_0.81774,0.15252,0.02253,0.81774,9.716928482055664,9.712211608886719,0.15227049589157104,9.113357543945312,10.872579574584961,1.7592220306396484,9.473856925964355,9.615021705627441,9.811612129211426,9.975898742675781,0.19659042358398438,0.5020418167114258,0.30240336395845896,0.4324903054951603,0.06613987684249878,0.15243797147169338,0.7495009286083367,844.0171893547824,0.5863738195099634,2.1494708296320515
90,0090_0.15227_0.02158_0.79076,0.15227,0.02158,0.79076,9.693903923034668,9.688109397888184,0.16474303603172302,9.052090644836426,11.007195472717285,1.9551048278808594,9.432282447814941,9.583577156066895,9.795528411865234,9.975081443786621,0.21195125579833984,0.5427989959716797,0.3387725552517889,0.5101280102876924,0.07026095688343048,0.1416817189533877,0.7815144914866131,811.8894330873894,0.2740489044179649,2.3065337042330394
91,0091_0.12621_0.02217_0.79697,0.12621,0.02217,0.79697,9.76885986328125,9.759613037109375,0.20189648866653442,9.030630111694336,11.67796516418457,2.6473350524902344,9.453353881835938,9.633323669433594,9.89084243774414,10.11432933807373,0.2575187683105469,0.660975456237793,0.4496883372367251,0.7910386886323093,0.0824517011642456,0.13529099117820123,0.8666106828817047,793.3464637359218,0.09378635262163962,1.4524523739803352
92,0092_0.12288_0.02211_0.65537,0.12288,0.02211,0.65537,9.688718795776367,9.667977333068848,0.30805543065071106,8.733160972595215,13.218744277954102,4.485583305358887,9.229709386825562,9.479215383529663,9.863194465637207,10.228575944900513,0.38397908210754395,0.9988665580749512,0.7311486235622326,1.6004706116532592,0.11848295480012894,0.12446936887565803,0.9370957450651397,762.9727703141416,-0.2014867171823623,1.308724105359795
93,0093_0.14693_0.02266_0.79998,0.14693,0.02266,0.79998,9.729584693908691,9.723594665527344,0.16714560985565186,9.08147144317627,11.079622268676758,1.9981508255004883,9.464406967163086,9.61766242980957,9.832554817199707,10.014991760253906,0.21489238739013672,0.5505847930908203,0.3456422510908495,0.5262693940127652,0.07103569805622101,0.14416001462134823,0.7876758675126233,819.192982839976,0.3450492113600935,1.5784446871110358
94,0094_0.13447_0.02242_0.75740,0.13447,0.02242,0.7574,9.740578651428223,9.730385780334473,0.21146874129772186,8.976889610290527,11.855573654174805,2.8786840438842773,9.41166877746582,9.598502159118652,9.867694854736328,10.102273941040039,0.2691926956176758,0.6906051635742188,0.47906676953569405,0.872526595107959,0.08564410358667374,0.11564641490209793,0.8846880674731152,739.2574341296014,-0.4320316173169569,0.8713696736444478
95,0095_0.13350_0.02221_0.80227,0.1335,0.02221,0.80227,9.753798484802246,9.746126174926758,0.18582932651042938,9.05925178527832,11.409725189208984,2.350473403930664,9.461342811584473,9.629220962524414,9.8670654296875,10.071867942810059,0.23784446716308594,0.6105251312255859,0.40131108228519924,0.6614867716408184,0.0771646797657013,0.13872780100271268,0.8323346331285434,803.2654501265806,0.19021221431199845,1.1887553574453855
96,0096_0.12024_0.02265_0.81508,0.12024,0.02265,0.81508,9.798720359802246,9.78941822052002,0.2027454525232315,9.058664321899414,11.729825019836426,2.6711606979370117,9.481989860534668,9.662636756896973,9.921178817749023,10.14557933807373,0.2585420608520508,0.6635894775390625,0.4519102127176655,0.7980138994496984,0.08270994573831558,0.15322784616531887,0.8684339077856583,846.4189944382571,0.6097225887959492,2.2406231788483084
97,0097_0.13201_0.02226_0.65542,0.13201,0.02226,0.65542,9.67601490020752,9.656977653503418,0.2945754826068878,8.745207786560059,13.074560165405273,4.329352378845215,9.234634399414062,9.476106643676758,9.844412803649902,10.18933391571045,0.36830615997314453,0.9546995162963867,0.7035374276135096,1.5314369950656053,0.1138901337981224,0.10671499549977882,0.9521490842379189,716.3129750315043,-0.6550825574449494,0.751225754804157
98,0098_0.14430_0.02243_0.58544,0.1443,0.02243,0.58544,9.61215591430664,9.589932441711426,0.3185403048992157,8.638179779052734,13.263078689575195,4.624898910522461,9.139959335327148,9.395085334777832,9.79132080078125,10.172807693481445,0.39623546600341797,1.0328483581542969,0.7520997162956641,1.6454403508668332,0.12214096635580063,0.1654838565370857,0.9161677205685129,884.3709213664863,0.9786662603298081,1.5671921426755309
99,0099_0.15395_0.02349_0.66497,0.15395,0.02349,0.66497,9.678339004516602,9.664579391479492,0.2457883208990097,8.840714454650879,12.234387397766113,3.3936729431152344,9.30202865600586,9.512579679489136,9.82336711883545,10.100055694580078,0.3107874393463135,0.7980270385742188,0.5800529958449356,1.1718842612761389,0.0971987321972847,0.08886976388979867,0.9347832285281059,674.1001511724983,-1.065447866426651,0.6313768431060638
100,0100_0.14223_0.02212_0.61072,0.14223,0.02212,0.61072,9.626346588134766,9.605635643005371,0.30724242329597473,8.671960830688477,13.150179862976074,4.478219032287598,9.168588638305664,9.417322158813477,9.800432205200195,10.164607048034668,0.38311004638671875,0.9960184097290039,0.7305281328476502,1.5979619963848597,0.1182807981967926,0.14064122187576572,0.9383507198209207,808.841492716411,0.24441883284843413,1.2972012253995204
101,0101_0.13311_0.02194_0.62619,0.13311,0.02194,0.62619,9.64826488494873,9.627228736877441,0.31000199913978577,8.689103126525879,13.204386711120605,4.515283584594727,9.186891317367554,9.43731689453125,9.823615074157715,10.192026138305664,0.38629817962646484,1.0051348209381104,0.7356543637104694,1.6102319231825026,0.11919507384300232,0.13576534643143542,0.9338541224624869,794.7079973816633,0.10702228720611258,0.9774250394688065
102,0102_0.14553_0.02324_0.59511,0.14553,0.02324,0.59511,9.631994247436523,9.610639572143555,0.3120771646499634,8.669696807861328,13.184162139892578,4.51446533203125,9.16798186302185,9.419540405273438,9.808211326599121,10.179800987243652,0.3886709213256836,1.0118191242218018,0.7397347070171936,1.6192904868426616,0.11992163211107254,0.14542943248347306,0.930087689845789,822.9574740101436,0.3816451185034896,1.1891834172642017
103,0103_0.13527_0.02251_0.77249,0.13527,0.02251,0.77249,9.746296882629395,9.737201690673828,0.20023281872272491,9.011968612670898,11.615995407104492,2.6040267944335938,9.4332275390625,9.611876487731934,9.86738109588623,10.08897876739502,0.2555046081542969,0.6557512283325195,0.4448182437530094,0.7770079808711987,0.08191701024770737,0.12551563517717548,0.8631691435802638,765.8497023364714,-0.17351907630133537,0.997620184541505
104,0104_0.13087_0.02211_0.76392,0.13087,0.02211,0.76392,9.74476146697998,9.734318733215332,0.21402932703495026,8.974231719970703,11.913949012756348,2.9397172927856445,9.412227630615234,9.600931167602539,9.873253107070923,10.110809326171875,0.2723219394683838,0.6985816955566406,0.4865064336335772,0.894441516265196,0.08649133890867233,0.11573380605687313,0.8892888522970389,739.4873790683731,-0.42979624386354826,0.9591896012595328
105,0105_0.13365_0.02150_0.56024,0.13365,0.0215,0.56024,9.598064422607422,9.57246208190918,0.3399074077606201,8.592297554016113,13.52239990234375,4.930102348327637,9.098688125610352,9.365362167358398,9.786905527114868,10.20154094696045,0.4215433597564697,1.1028528213500977,0.78602103825642,1.6988589717826565,0.12939271330833435,0.21412216243931292,0.8464168163315695,1045.2742836194743,2.542862917432977,1.8264959805508933
106,0106_0.14939_0.02202_0.78816,0.14939,0.02202,0.78816,9.708792686462402,9.702579498291016,0.16973039507865906,9.053016662597656,11.101896286010742,2.048879623413086,9.439837217330933,9.595090866088867,9.813212394714355,9.998786926269531,0.21812152862548828,0.5589497089385986,0.3536173480316143,0.5439009078434922,0.07189463824033737,0.13863765162444866,0.7940155722046215,803.0036725074212,0.18766738447712086,1.8577904882222485
107,0107_0.12069_0.02325_0.58041,0.12069,0.02325,0.58041,9.671878814697266,9.645888328552246,0.3430393934249878,8.662192344665527,13.616193771362305,4.954001426696777,9.16837215423584,9.436951637268066,9.862217903137207,10.281585931777954,0.4252662658691406,1.1132137775421143,0.7890645197238235,1.7002804278599966,0.13038432598114014,0.20006310703192348,0.833316173873383,997.3344297674316,2.0768231896895806,1.880767984807588
108,0108_0.13929_0.02196_0.70879,0.13929,0.02196,0.70879,9.698625564575195,9.685714721679688,0.2378028780221939,8.880234718322754,12.242612838745117,3.3623781204223633,9.333198547363281,9.538396835327148,9.8395414352417,10.106001853942871,0.3011445999145508,0.7728033065795898,0.5570951528833428,1.1027187144099546,0.09448141604661942,0.09045026297410289,0.9253669039167456,677.626009044409,-1.031171795252997,0.3081800042485813
109,0109_0.13123_0.02325_0.78729,0.13123,0.02325,0.78729,9.774528503417969,9.765647888183594,0.1984018087387085,9.045299530029297,11.606616973876953,2.5613174438476562,9.464006423950195,9.641357421875,9.894611358642578,10.114036798477173,0.2532539367675781,0.6500303745269775,0.43896078969072666,0.7619410852730795,0.08129598200321198,0.1406508163755699,0.8595589008927061,808.8695503183877,0.24469159040056815,1.5658269465399939
110,0110_0.13385_0.02245_0.72469,0.13385,0.02245,0.72469,9.726462364196777,9.713726043701172,0.23650573194026947,8.911871910095215,12.263534545898438,3.3516626358032227,9.362804412841797,9.567156553268433,9.866726875305176,10.131514549255371,0.29957032203674316,0.7687101364135742,0.5530650136118092,1.0914248059650582,0.09402229636907578,0.09633057530756436,0.923797293679454,691.1200160412759,-0.8999919346218744,0.6746999105292724
111,0111_0.13261_0.02191_0.70983,0.13261,0.02191,0.70983,9.708501815795898,9.694193840026855,0.25130003690719604,8.863763809204102,12.294097900390625,3.4303340911865234,9.324573516845703,9.538959503173828,9.85628604888916,10.1400785446167,0.31732654571533203,0.8155050277709961,0.5949002030526761,1.2182198502539343,0.09904064983129501,0.08705075704224617,0.9405867856443563,670.0968402952238,-1.1043654216840217,0.38300852808276975
112,0112_0.13747_0.02324_0.61036,0.13747,0.02324,0.61036,9.655557632446289,9.63412094116211,0.313033789396286,8.6917085647583,13.235023498535156,4.5433149337768555,9.19025707244873,9.442465782165527,9.832235336303711,10.205257654190063,0.3897695541381836,1.015000581741333,0.7414054247034096,1.6230815687352047,0.12022078037261963,0.13861750133604167,0.9282268759762845,802.9451740639081,0.18709870108537713,1.0027430026408415
113,0113_0.14073_0.02297_0.67893,0.14073,0.02297,0.67893,9.695616722106934,9.68040657043457,0.2602764964103699,8.829627990722656,12.481825828552246,3.65219783782959,9.299656867980957,9.519819259643555,9.8478422164917,10.143619537353516,0.32802295684814453,0.8439626693725586,0.6196685059395515,1.292410314369496,0.10211323946714401,0.0852231713372601,0.9481671068429061,666.1345475773169,-1.1428842253748328,0.21885716705594835
114,0114_0.13143_0.02158_0.68894,0.13143,0.02158,0.68894,9.68786907196045,9.671382904052734,0.2716698944568634,8.80117416381836,12.7667236328125,3.9655494689941406,9.276605606079102,9.504081726074219,9.84559440612793,10.15712833404541,0.34151268005371094,0.8805227279663086,0.6492002968969388,1.3803538275364788,0.10602136701345444,0.08773838333393283,0.9545154396227306,671.6032491880221,-1.0897211052362354,0.36092439604384713
115,0115_0.15129_0.02301_0.82621,0.15129,0.02301,0.82621,9.73040771484375,9.725872039794922,0.15013399720191956,9.132779121398926,10.85891056060791,1.7261314392089844,9.490527153015137,9.629949569702148,9.823925971984863,9.985617637634277,0.19397640228271484,0.4950904846191406,0.29622296017693706,0.42011081474929224,0.0654277354478836,0.1564604281029895,0.7439315399686112,856.305905990855,0.7058366400072137,1.9764645552706452
116,0116_0.15488_0.02244_0.72592,0.15488,0.02244,0.72592,9.687588691711426,9.67871379852295,0.1976163685321808,8.959355354309082,11.504040718078613,2.5446853637695312,9.378303527832031,9.554924011230469,9.80723762512207,10.02586555480957,0.25231361389160156,0.6475620269775391,0.43767510697063666,0.7554541828216008,0.08108832687139511,0.11663896334840124,0.8575879924644765,741.87507180252,-0.40658466555563316,1.6002936812924498
117,0117_0.14197_0.02158_0.64394,0.14197,0.02158,0.64394,9.639809608459473,9.621679306030273,0.28630179166793823,8.724455833435059,12.900678634643555,4.176222801208496,9.209378242492676,9.44579029083252,9.80436635017395,10.137104034423828,0.35857605934143066,0.9277257919311523,0.6854251575886191,1.4817821343886743,0.111087366938591,0.11104004457251562,0.9557706700644809,727.2839281000888,-0.5484301676202177,1.100962575034361
118,0118_0.12354_0.02247_0.80150,0.12354,0.02247,0.8015,9.782590866088867,9.77311897277832,0.20434677600860596,9.037635803222656,11.747032165527344,2.7093963623046875,9.463598251342773,9.645383834838867,9.905887603759766,10.132180213928223,0.26050376892089844,0.6685819625854492,0.4568020154136905,0.8114742842632157,0.08325275778770447,0.1418295529374977,0.871493883354102,812.3233815796775,0.278267466239717,1.8229790083391777
119,0119_0.13734_0.02265_0.62447,0.13734,0.02265,0.62447,9.653848648071289,9.633379936218262,0.30555054545402527,8.702397346496582,13.153301239013672,4.45090389251709,9.198200225830078,9.446073532104492,9.827181816101074,10.188719749450684,0.38110828399658203,0.9905195236206055,0.7266661776883048,1.5892095478568589,0.11766926199197769,0.1269733201983476,0.9408422444942153,769.8798652290163,-0.1343404834128394,0.8896143043856967
120,0120_0.13110_0.02162_0.57629,0.1311,0.02162,0.57629,9.615172386169434,9.590417861938477,0.3354680836200714,8.615050315856934,13.5392484664917,4.924198150634766,9.12133502960205,9.385793685913086,9.802001953125,10.209818840026855,0.41620826721191406,1.0884838104248047,0.77941354863103,1.6909914177247227,0.12788046896457672,0.19726582181325858,0.8637186913630814,987.9198299418563,1.9853006424355653,1.5405105903543388
121,0121_0.14397_0.02315_0.64754,0.14397,0.02315,0.64754,9.670511245727539,9.653074264526367,0.28017812967300415,8.767355918884277,12.794771194458008,4.0274152755737305,9.248071670532227,9.48073959350586,9.83220386505127,10.156023979187012,0.35146427154541016,0.9079523086547852,0.6704371589706607,1.440573206550595,0.10895782709121704,0.09496756961575907,0.9563479733687477,687.94053842077,-0.9309007248155189,0.4835304341586988
122,0122_0.14512_0.02279_0.57467,0.14512,0.02279,0.57467,9.610806465148926,9.587963104248047,0.32303744554519653,8.629070281982422,13.290921211242676,4.661850929260254,9.132828712463379,9.39049506187439,9.792025566101074,10.180510520935059,0.40153050422668457,1.0476818084716797,0.7598725609811232,1.6606478552048074,0.12367153912782669,0.17418513678070247,0.9044758286914911,912.0381028221431,1.2476284009491003,1.5859954433091967
123,0123_0.14753_0.02243_0.80452,0.14753,0.02243,0.80452,9.724632263183594,9.718904495239258,0.1641896367073059,9.085092544555664,11.03005599975586,1.9449634552001953,9.463818550109863,9.614715576171875,9.825980186462402,10.00480842590332,0.21126461029052734,0.540989875793457,0.33723723279186507,0.5069199915611176,0.07006453722715378,0.14521656314342452,0.7802327755922152,822.3251007165783,0.3754976012733585,1.719013694202861
124,0124_0.14518_0.02205_0.80115,0.14518,0.02205,0.80115,9.72215461730957,9.716029167175293,0.16891808807849884,9.066258430480957,11.10216236114502,2.0359039306640625,9.454395294189453,9.609004974365234,9.82612133026123,10.010699272155762,0.2171163558959961,0.5563039779663086,0.3510894609367053,0.5382124334242309,0.07162118703126907,0.14123125820443075,0.7920574247113183,810.568539490176,0.2612080456551655,1.6407354568689578
125,0125_0.14849_0.02157_0.81919,0.14849,0.02157,0.81919,9.708057403564453,9.702994346618652,0.1563444584608078,9.092997550964355,10.91502571105957,1.8220281600952148,9.458903312683105,9.6033935546875,9.805037498474121,9.974248886108398,0.2016439437866211,0.515345573425293,0.31424136645555434,0.45682281605775454,0.0674872100353241,0.14847622110690878,0.7600901104042473,832.0561764616656,0.47009671926165053,2.217893117343304
126,0126_0.13414_0.02203_0.74658,0.13414,0.02203,0.74658,9.728962898254395,9.717928886413574,0.21958209574222565,8.9458589553833,12.010383605957031,3.0645246505737305,9.388653755187988,9.581344604492188,9.860370635986328,10.104446649551392,0.2790260314941406,0.7157928943634033,0.5032877837590601,0.9428914768712939,0.08834967762231827,0.10626767189373386,0.8987215305445262,715.1937842722184,-0.665962593883114,0.6563323207203128
127,0127_0.12044_0.02236_0.67836,0.12044,0.02236,0.67836,9.712702751159668,9.693121910095215,0.29915791749954224,8.77282428741455,13.182150840759277,4.409326553344727,9.265231132507324,9.509581565856934,9.88315486907959,10.23499584197998,0.37357330322265625,0.9697647094726562,0.7126636310625704,1.55576613454022,0.11541616171598434,0.11235914413117169,0.9484308471973519,730.6828610403044,-0.5153879771503644,1.6541349412319784
128,0128_0.14521_0.02220_0.76319,0.14521,0.0222,0.76319,9.715287208557129,9.707252502441406,0.18936453759670258,9.010269165039062,11.421488761901855,2.411219596862793,9.417767524719238,9.588279724121094,9.830472946166992,10.039510726928711,0.24219322204589844,0.6217432022094727,0.41252251371790344,0.6890071093392773,0.07835174351930618,0.1244890779124685,0.8400639616604673,763.0268346157217,-0.20096113960203058,1.2431714480059448
129,0129_0.14326_0.02328_0.84049,0.14326,0.02328,0.84049,9.757833480834961,9.75302791595459,0.15361109375953674,9.150611877441406,10.933392524719238,1.782780647277832,9.512736320495605,9.65502643585205,9.853294372558594,10.01913833618164,0.19826793670654297,0.5064020156860352,0.30593791966815276,0.44048410261586124,0.06656572222709656,0.16261737971634677,0.7531406981780657,875.3834991861714,0.8912964531761212,1.654695981268816
130,0130_0.12742_0.02294_0.81473,0.12742,0.02294,0.81473,9.78630256652832,9.778305053710938,0.18934696912765503,9.082234382629395,11.494391441345215,2.4121570587158203,9.488737106323242,9.659343719482422,9.90149211883545,10.110394477844238,0.24214839935302734,0.6216573715209961,0.4115661010773388,0.6889120762497676,0.07830372452735901,0.15318087331179397,0.840330180510814,846.2759966240524,0.6083324580999829,1.7895402541707772
131,0131_0.14687_0.02207_0.81159,0.14687,0.02207,0.81159,9.720573425292969,9.715068817138672,0.161743625998497,9.08906078338623,10.994975090026855,1.905914306640625,9.463385581970215,9.612284660339355,9.820554733276367,9.99636459350586,0.20827007293701172,0.5329790115356445,0.3301129092109033,0.49067107938568366,0.06926216930150986,0.1462269870158351,0.7740060753531297,825.3306519392554,0.4047155934236537,1.8449172742651638
132,0132_0.14634_0.02299_0.76501,0.14634,0.02299,0.76501,9.728540420532227,9.720778465270996,0.18656042218208313,9.031645774841309,11.394594192504883,2.362948417663574,9.435054779052734,9.603458404541016,9.842206954956055,10.047927856445312,0.23874855041503906,0.6128730773925781,0.40377545952010113,0.667041412084493,0.0774187296628952,0.1294452203575825,0.8338853156455933,776.7714412306698,-0.067345114310423,1.1481738599254958
133,0133_0.15072_0.02238_0.59577,0.15072,0.02238,0.59577,9.607930183410645,9.587418556213379,0.305806964635849,8.656271934509277,13.10986614227295,4.453594207763672,9.152111053466797,9.399938583374023,9.781357765197754,10.143401145935059,0.38141918182373047,0.9912900924682617,0.7279610322410538,1.5914961332418693,0.11780337989330292,0.14854531231480847,0.9404704228558074,832.2635274907701,0.47211244958593207,1.7420872804673724
134,0134_0.14697_0.02313_0.63102,0.14697,0.02313,0.63102,9.65352725982666,9.635229110717773,0.2876240015029907,8.735929489135742,12.944422721862793,4.208493232727051,9.221322059631348,9.458566665649414,9.818665504455566,10.153443336486816,0.36009883880615234,0.9321212768554688,0.6882533125586263,1.4899412429031207,0.11152657866477966,0.10604316285911607,0.9554554022035765,714.6331874555615,-0.6714123474141727,0.7764055055609063
135,0135_0.12230_0.02247_0.55394,0.1223,0.02247,0.55394,9.63895320892334,9.611437797546387,0.35130712389945984,8.619818687438965,13.738677024841309,5.118858337402344,9.125214576721191,9.397820472717285,9.833284378051758,10.265289306640625,0.43546390533447266,1.1400747299194336,0.8001542490317269,1.7072570882745826,0.13320671021938324,0.2258860513552365,0.7968313367706518,1086.1137607099895,2.9398774524206637,1.670154053146734
136,0136_0.12452_0.02332_0.75304,0.12452,0.02332,0.75304,9.775298118591309,9.762752532958984,0.2352125346660614,8.964287757873535,12.298697471618652,3.334409713745117,9.413324356079102,9.61693286895752,9.91490650177002,10.177963256835938,0.2979736328125,0.7646389007568359,0.5486751230032515,1.0797406647771135,0.09353974461555481,0.12194755031820921,0.9223206632927207,756.093553643782,-0.2683619369950238,2.057378743473219
137,0137_0.12521_0.02282_0.62658,0.12521,0.02282,0.62658,9.680421829223633,9.65822982788086,0.319244384765625,8.705557823181152,13.351478576660156,4.645920753479004,9.207098007202148,9.46290397644043,9.859946250915527,10.242420434951782,0.39704227447509766,1.0353224277496338,0.7522191356957243,1.64615097856018,0.12230385839939117,0.14564533863084275,0.9143875180069253,823.5993018864273,0.3878845469682595,1.4316206909544147
138,0138_0.13213_0.02307_0.63123,0.13213,0.02307,0.63123,9.6751070022583,9.654277801513672,0.3085068464279175,8.718955993652344,13.212957382202148,4.494001388549805,9.215551376342773,9.465252876281738,9.84975814819336,10.215883493423462,0.3845052719116211,1.0003321170806885,0.7323353542975564,1.6028334750185529,0.11865834146738052,0.1265899256418814,0.9363665288745732,768.817407671229,-0.14466899698107608,1.0713149647640159
139,0139_0.13837_0.02333_0.69619,0.13837,0.02333,0.69619,9.718204498291016,9.70403003692627,0.2501922845840454,8.876032829284668,12.27315902709961,3.3971261978149414,9.335808753967285,9.549436569213867,9.865432739257812,10.147782564163208,0.3159961700439453,0.8119738101959229,0.5917803827793305,1.2087805384798207,0.0986538752913475,0.08931618602848786,0.939540860900283,675.0916156165479,-1.055809501215981,0.6485205440193724
140,0140_0.12692_0.02165_0.77250,0.12692,0.02165,0.7725,9.747607231140137,9.736928939819336,0.21617968380451202,8.971756935119629,11.961844444274902,2.9900875091552734,9.412041664123535,9.602281332015991,9.877217292785645,10.117261171340942,0.2749359607696533,0.7052195072174072,0.49281128422486353,0.9129709836080693,0.08720247447490692,0.11566736010804565,0.8930533623554088,739.3125318049902,-0.43149599395613636,1.0352527577977915
141,0141_0.13143_0.02169_0.81601,0.13143,0.02169,0.81601,9.752254486083984,9.744965553283691,0.1818317174911499,9.067874908447266,11.346572875976562,2.278697967529297,9.465620040893555,9.63040542602539,9.863329887390137,10.06343936920166,0.2329244613647461,0.5978193283081055,0.3894724610100705,0.6311833311057367,0.07585234194993973,0.1409063174479601,0.823186730462051,809.6169946337005,0.2519577524186421,1.2157163932786113
142,0142_0.15393_0.02199_0.78100,0.15393,0.02199,0.781,9.696208953857422,9.690184593200684,0.1674395054578781,9.046636581420898,11.04971694946289,2.003080368041992,9.430632591247559,9.584056854248047,9.799335479736328,9.982153177261353,0.21527862548828125,0.551520586013794,0.34681012923600857,0.5281079907918347,0.07114709168672562,0.1396619862706314,0.7882801267018084,805.9831049739172,0.21663146725887186,2.184152501585332
143,0143_0.13333_0.02302_0.75284,0.13333,0.02302,0.75284,9.752476692199707,9.741762161254883,0.21677622199058533,8.977411270141602,11.979262351989746,3.0018510818481445,9.416075468063354,9.606762886047363,9.882389068603516,10.123160362243652,0.27562618255615234,0.7070848941802979,0.4946096214227905,0.9184765479740915,0.08739758282899857,0.11761833456649455,0.8941028713215703,744.4707577895917,-0.3813511136458639,1.1597561077176715
144,0144_0.12549_0.02208_0.55189,0.12549,0.02208,0.55189,9.622678756713867,9.595464706420898,0.3496328890323639,8.60547924041748,13.668671607971191,5.063192367553711,9.111082077026367,9.382757186889648,9.816180229187012,10.245670318603516,0.4334230422973633,1.1345882415771484,0.7983748411542293,1.7070227771507618,0.13265575468540192,0.22652290723820495,0.8045154352320897,1088.3419611138434,2.9615385511961145,1.6215166596025474
145,0145_0.13505_0.02311_0.56758,0.13505,0.02311,0.56758,9.631190299987793,9.606441497802734,0.3355005383491516,8.631719589233398,13.554637908935547,4.922918319702148,9.137303352355957,9.4017972946167,9.818034410476685,10.225885391235352,0.41623711585998535,1.0885820388793945,0.7792487392639733,1.6904624235949948,0.12787611782550812,0.19146804547972135,0.8635599363272816,968.547931264794,1.7969797849462157,1.392845236545945
146,0146_0.12514_0.02307_0.57368,0.12514,0.02307,0.57368,9.654640197753906,9.628867149353027,0.3417433500289917,8.646416664123535,13.594971656799316,4.948554992675781,9.152814865112305,9.42061996459961,9.84433650970459,10.261760711669922,0.42371654510498047,1.1089458465576172,0.78765912925735,1.699581167109831,0.12996214628219604,0.19965145479143448,0.8387742919921911,995.9462655961901,2.0633283706518504,1.5953489335980455
147,0147_0.15430_0.02347_0.67967,0.1543,0.02347,0.67967,9.686827659606934,9.674422264099121,0.23260009288787842,8.880966186523438,12.195886611938477,3.314920425415039,9.328598976135254,9.530207633972168,9.825052261352539,10.08506965637207,0.2948446273803711,0.7564706802368164,0.5422706455609453,1.0574564094604657,0.09273834526538849,0.09322535064121479,0.9183793986001713,683.9214533945602,-0.9699716259737331,0.7170376054627365
148,0148_0.12836_0.02311_0.63321,0.12836,0.02311,0.63321,9.683981895446777,9.662688255310059,0.31218037009239197,8.7217378616333,13.255268096923828,4.533530235290527,9.21969223022461,9.471546173095703,9.860292434692383,10.231934547424316,0.3887462615966797,1.012242317199707,0.7391516720280492,1.6185924446140367,0.11989429593086243,0.1319045438010097,0.9298800137004576,783.6979377638293,-1.0270768932305274e-05,1.318882402482045
149,0149_0.13785_0.02328_0.84614,0.13785,0.02328,0.84614,9.772789001464844,9.767605781555176,0.15806375443935394,9.153608322143555,11.00441837310791,1.8508100509643555,9.521011352539062,9.666994094848633,9.87073802947998,10.042034149169922,0.20374393463134766,0.5210227966308594,0.3187734548357762,0.46773272110462205,0.06802744418382645,0.16613344927034973,0.7647663511173168,886.4166203519306,0.9985532003518582,1.6315193348424748
150,0150_0.13891_0.02237_0.80051,0.13891,0.02237,0.80051,9.743354797363281,9.736392974853516,0.17821823060512543,9.065930366516113,11.280040740966797,2.2141103744506836,9.461956024169922,9.623909950256348,9.852435111999512,10.048247575759888,0.22852516174316406,0.5862915515899658,0.3786411264348148,0.6042657769057862,0.07466913759708405,0.1401297255176728,0.814688174962827,807.3472021975205,0.22989232326117906,1.2424293752763669
151,0151_0.13929_0.02229_0.55645,0.13929,0.02229,0.55645,9.600372314453125,9.575384140014648,0.33668699860572815,8.598725318908691,13.52586555480957,4.927140235900879,9.105062484741211,9.370088577270508,9.787751197814941,10.19745922088623,0.4176626205444336,1.0923967361450195,0.7815067404180174,1.6935493661277894,0.12830854952335358,0.20621648928482933,0.859114149659122,1018.1928459638394,2.279594992777131,1.7818989504656362
152,0152_0.14373_0.02212_0.73833,0.14373,0.02212,0.73833,9.708174705505371,9.6983060836792,0.2075432389974594,8.95332145690918,11.735137939453125,2.7818164825439453,9.384798049926758,9.568747520446777,9.83316421508789,10.06326961517334,0.2644166946411133,0.678471565246582,0.46732288718216697,0.8385550169997513,0.08436262607574463,0.10982409652638371,0.8772846834533615,724.1724464412627,-0.5786779457972913,0.9059006624357293
153,0153_0.12574_0.02152_0.74187,0.12574,0.02152,0.74187,9.731897354125977,9.718708992004395,0.24097871780395508,8.906603813171387,12.281950950622559,3.375347137451172,9.362081527709961,9.569500923156738,9.874505043029785,10.144923210144043,0.3050041198730469,0.782841682434082,0.5659034997954467,1.1301314572163736,0.09552490711212158,0.09646816969411372,0.929451923041494,691.442682786982,-0.8968551807472208,0.8899557748207118
154,0154_0.14110_0.02339_0.68833,0.1411,0.02339,0.68833,9.710051536560059,9.695789337158203,0.2511405348777771,8.86574649810791,12.29184627532959,3.4260997772216797,9.326394081115723,9.54063606262207,9.857781410217285,10.141365051269531,0.31714534759521484,0.8149709701538086,0.5946069115991827,1.2169948197749028,0.09898627549409866,0.0873432906443746,0.9404367237984941,670.7366729118381,-1.0981453898214182,0.42574477194646526
155,0155_0.15163_0.02291_0.81845,0.15163,0.02291,0.81845,9.726454734802246,9.721681594848633,0.15298239886760712,9.120654106140137,10.892264366149902,1.7716102600097656,9.482318878173828,9.624085426330566,9.821569442749023,9.98668384552002,0.19748401641845703,0.5043649673461914,0.30447421347829845,0.4366238544365646,0.0663718432188034,0.15362225894011763,0.7513926142636242,847.6203843050841,0.6214017108929372,1.9670879242657373
156,0156_0.14508_0.02330_0.82253,0.14508,0.0233,0.82253,9.750572204589844,9.745288848876953,0.159063458442688,9.12868595123291,10.992881774902344,1.8641958236694336,9.497307538986206,9.644081115722656,9.84906005859375,10.021576881408691,0.20497894287109375,0.5242693424224854,0.32160844657695103,0.4737760765953336,0.06836700439453125,0.15622845180760403,0.7672526781607866,855.5933656917678,0.6989097918775202,1.5753438202855985
157,0157_0.13734_0.02154_0.80464,0.13734,0.02154,0.80464,9.731764793395996,9.724786758422852,0.17844778299331665,9.056396484375,11.27149772644043,2.2151012420654297,9.450054168701172,9.612164497375488,9.840974807739258,10.037075996398926,0.22881031036376953,0.5870218276977539,0.37936443216580357,0.6058040648026473,0.0747506245970726,0.13636943329129952,0.815179173402767,796.4454033342568,0.12391220513588769,1.296709577108674
158,0158_0.13554_0.02292_0.58738,0.13554,0.02292,0.58738,9.638561248779297,9.615250587463379,0.3263568878173828,8.65211009979248,13.37104320526123,4.71893310546875,9.15619158744812,9.415847778320312,9.82122802734375,10.214909791946411,0.4053802490234375,1.058718204498291,0.7650538465918821,1.6699772477208477,0.12476728111505508,0.16940564459611357,0.8947330667073996,896.7708210719113,1.0992099294990345,1.2371170478228075
159,0159_0.13575_0.02188_0.58108,0.13575,0.02188,0.58108,9.614028930664062,9.59025239944458,0.3290941119194031,8.622922897338867,13.428845405578613,4.805922508239746,9.128293991088867,9.389315605163574,9.797966957092285,10.195737838745117,0.40865135192871094,1.06744384765625,0.7697479779841229,1.6777616827178905,0.12572428584098816,0.18444097619479494,0.886107007679081,945.3381093116802,1.571349161678453,1.5307495520988308
160,0160_0.14362_0.02180_0.63961,0.14362,0.0218,0.63961,9.638713836669922,9.620516777038574,0.2867569029331207,8.722115516662598,12.907183647155762,4.185068130493164,9.207700729370117,9.44438648223877,9.803467750549316,10.136931419372559,0.3590812683105469,0.9292306900024414,0.6865834528712308,1.4848035399526358,0.1112450510263443,0.11192999873198256,0.9556633116408393,729.5744170608909,-0.5261635404630722,1.1249160700438434
161,0161_0.15393_0.02162_0.67414,0.15393,0.02162,0.67414,9.648359298706055,9.635400772094727,0.237903892993927,8.828739166259766,12.199426651000977,3.370687484741211,9.282891273498535,9.48803424835205,9.789337158203125,10.055937767028809,0.3013029098510742,0.7730464935302734,0.5580886774812926,1.1039372607076148,0.09455364942550659,0.10153678952031762,0.9253074356675797,703.541076979587,-0.7792425498648741,1.6833994631392806
162,0162_0.12048_0.02185_0.71113,0.12048,0.02185,0.71113,9.725109100341797,9.707993507385254,0.2778356969356537,8.827375411987305,12.842203140258789,4.014827728271484,9.305615425109863,9.537035703659058,9.88572883605957,10.206080436706543,0.3486931324005127,0.9004650115966797,0.6639857954162578,1.4236894514127743,0.10809381306171417,0.09536448649627197,0.9562529716055007,688.863258357384,-0.9219306484909195,1.4644840902480807
163,0163_0.15179_0.02155_0.66062,0.15179,0.02155,0.66062,9.640471458435059,9.625828742980957,0.25390520691871643,8.788715362548828,12.287030220031738,3.49831485748291,9.253174781799316,9.469071388244629,9.789511680603027,10.076875686645508,0.32044029235839844,0.8237009048461914,0.603097659690389,1.2408752822546205,0.0999850407242775,0.10130476343324601,0.9427809063649216,702.9783751826307,-0.7847127666298988,1.578345294236227
164,0164_0.14479_0.02217_0.81113,0.14479,0.02217,0.81113,9.727521896362305,9.721753120422363,0.16464313864707947,9.086421966552734,11.038640975952148,1.952219009399414,9.466033935546875,9.617290496826172,9.829106330871582,10.00849437713623,0.21181583404541016,0.5424604415893555,0.33846327921354796,0.5095933452835792,0.07021274417638779,0.1455093278101931,0.7813864983602277,823.19492570644,0.38395346771614486,1.665761535643333
165,0165_0.14932_0.02271_0.57157,0.14932,0.02271,0.57157,9.600056648254395,9.577545166015625,0.32059016823768616,8.622867584228516,13.250377655029297,4.627510070800781,9.125242233276367,9.381521224975586,9.780115127563477,10.164844751358032,0.3985939025878906,1.039602518081665,0.7559096586213896,1.6532027395481323,0.12284838408231735,0.17530024401834043,0.9110405908752363,915.6238526830136,1.2824867026467566,1.8286905546365289
166,0166_0.12970_0.02257_0.83966,0.1297,0.02257,0.83966,9.779568672180176,9.773137092590332,0.17266856133937836,9.114392280578613,11.226277351379395,2.1118850708007812,9.506255149841309,9.663910865783691,9.88563060760498,10.074694633483887,0.22171974182128906,0.5684394836425781,0.3617887236776288,0.5644854348568442,0.07282640784978867,0.16004228025837036,0.8015023291675439,867.3660753044259,0.8133563314856395,1.6156314280787976
167,0167_0.13033_0.02213_0.57570,0.13033,0.02213,0.5757,9.626545906066895,9.601629257202148,0.33641305565834045,8.625777244567871,13.551725387573242,4.925948143005371,9.13148307800293,9.396462440490723,9.81380558013916,10.223057746887207,0.4173431396484375,1.0915746688842773,0.7805442895327458,1.6923027639617336,0.1281891167163849,0.19507710576889217,0.8601063742096959,980.5839925239075,1.9139864560473017,1.4313630569175628
168,0168_0.14282_0.02335_0.63690,0.14282,0.02335,0.6369,9.667699813842773,9.649127006530762,0.2898826599121094,8.745678901672363,12.98791790008545,4.242238998413086,9.232481956481934,9.471136093139648,9.833932876586914,10.171895980834961,0.3627967834472656,0.9394140243530273,0.6930676847770427,1.5036559407004715,0.11228521913290024,0.10349871150317538,0.954691213281146,708.3323011255549,-0.7326654200422456,0.6185796006670627
169,0169_0.14075_0.02254_0.76795,0.14075,0.02254,0.76795,9.733206748962402,9.724746704101562,0.19364763796329498,9.016488075256348,11.499319076538086,2.4828310012817383,9.42953872680664,9.603264808654785,9.850716590881348,10.064666748046875,0.2474517822265625,0.6351280212402344,0.42519408100642603,0.7231714507620177,0.07975161820650101,0.1255107188852933,0.849434139444551,765.8361466314409,-0.17365085594966906,0.9855976680183526
170,0170_0.13869_0.02313_0.82896,0.13869,0.02313,0.82896,9.764664649963379,9.758928298950195,0.1645544022321701,9.124252319335938,11.073668479919434,1.949416160583496,9.503280639648438,9.65449333190918,9.866214752197266,10.045449256896973,0.21172142028808594,0.5421686172485352,0.3378152902263483,0.509092383268138,0.07016856968402863,0.15814939479821286,0.7812979025039865,861.5076439711644,0.7564045153206799,1.5008569498041604
171,0171_0.14262_0.02335_0.81834,0.14262,0.02335,0.81834,9.75680923461914,9.751103401184082,0.16414612531661987,9.11777114868164,11.061087608337402,1.9433164596557617,9.496031761169434,9.646929740905762,9.858139038085938,10.036896705627441,0.21120929718017578,0.5408649444580078,0.3367832398921413,0.5064485166578203,0.07003852725028992,0.15511577814800093,0.7802337017132107,852.1821583643745,0.6657482778887388,1.4771625666619037
172,0172_0.12558_0.02212_0.69427,0.12558,0.02212,0.69427,9.710758209228516,9.693458557128906,0.279523640871048,8.809128761291504,12.831645965576172,4.022517204284668,9.289069175720215,9.521505355834961,9.872184753417969,10.194960594177246,0.3506793975830078,0.9058914184570312,0.6682736310924647,1.4353787042615203,0.1086898222565651,0.09281152943939948,0.9564060480697651,682.9743321747691,-0.979178915523963,1.1063990827091752
173,0173_0.14339_0.02216_0.77351,0.14339,0.02216,0.77351,9.72160530090332,9.713879585266113,0.1861768662929535,9.025562286376953,11.381610870361328,2.356048583984375,9.42867922782898,9.596780776977539,9.835054397583008,10.040312767028809,0.23827362060546875,0.6116335391998291,0.4027519823913324,0.6641447249023313,0.07729797065258026,0.12809915524536775,0.8329969577197572,773.0097866613341,-0.10391344588624371,1.2304107868851222
174,0174_0.12875_0.02322_0.58164,0.12875,0.02322,0.58164,9.654340744018555,9.629658699035645,0.33527660369873047,8.654792785644531,13.579362869262695,4.924570083618164,9.160642623901367,9.425100326538086,9.841050148010254,10.248557090759277,0.41594982147216797,1.0879144668579102,0.7784586593833213,1.6894089095483666,0.12777364253997803,0.18460461635808914,0.8643640901095648,945.8750885785878,1.576569320924783,1.4464793257889765
175,0175_0.14588_0.02251_0.67915,0.14588,0.02251,0.67915,9.680473327636719,9.666353225708008,0.24922439455986023,8.838064193725586,12.224504470825195,3.3864402770996094,9.299463272094727,9.512370109558105,9.827234268188477,10.108391761779785,0.3148641586303711,0.8089284896850586,0.5897716794372214,1.2012173762979899,0.09836281836032867,0.08757690070632296,0.9384225057820248,671.2487224496845,-1.093167581004029,0.4922051710583805
176,0176_0.12939_0.02284_0.61456,0.12939,0.02284,0.61456,9.665311813354492,9.64291000366211,0.32019439339637756,8.689218521118164,13.331043243408203,4.641824722290039,9.190810203552246,9.447111129760742,9.845233917236328,10.229246139526367,0.39812278747558594,1.038435935974121,0.754157784302735,1.6503298859641315,0.12264443933963776,0.14976494546695301,0.9119909093866394,835.9311278787973,0.5077664482731834,1.2200524939697175
177,0177_0.14129_0.02264_0.60837,0.14129,0.02264,0.60837,9.636333465576172,9.6152982711792,0.3097274899482727,8.677692413330078,13.185514450073242,4.507822036743164,9.175350189208984,9.42558479309082,9.811544418334961,10.179502725601196,0.3859596252441406,1.004152536392212,0.7352534611216202,1.609100212943071,0.1191146969795227,0.13985124738071286,0.9343295822594558,806.5347907305201,0.2219945933251428,1.1121856437676987
178,0178_0.13847_0.02207_0.73489,0.13847,0.02207,0.73489,9.715974807739258,9.704962730407715,0.21953149139881134,8.932784080505371,11.995820045471191,3.0630359649658203,9.375764846801758,9.568376541137695,9.847373962402344,10.091403245925903,0.27899742126464844,0.7156383991241455,0.5034420019510025,0.9426876059033868,0.0883425623178482,0.10286191652534041,0.8985779132037197,706.7707036291957,-0.7478462437947354,0.5550819507739245
179,0179_0.12782_0.02314_0.70200,0.12782,0.02314,0.702,9.73283863067627,9.716720581054688,0.2689453065395355,8.852731704711914,12.753782272338867,3.901050567626953,9.32509708404541,9.551013946533203,9.889238357543945,10.196941614151001,0.3382244110107422,0.8718445301055908,0.6416342780190671,1.359794363989458,0.105042465031147,0.09458403135352632,0.9535076732161052,687.0514036316902,-0.9395443084256996,1.4794989176802642
180,0180_0.13355_0.02160_0.56210,0.13355,0.0216,0.5621,9.601339340209961,9.57589340209961,0.33924877643585205,8.595962524414062,13.51699161529541,4.921029090881348,9.102824211120605,9.369194030761719,9.789881706237793,10.203465461730957,0.4206876754760742,1.1006412506103516,0.7851925944428434,1.6978308172358307,0.1291760802268982,0.21123941711628155,0.8490666820648883,1035.3636972555491,2.4465187152775862,1.767827435635756
181,0181_0.12377_0.02193_0.75227,0.12377,0.02193,0.75227,9.749553680419922,9.736719131469727,0.2375178188085556,8.933204650878906,12.285975456237793,3.3527708053588867,9.38444995880127,9.589579582214355,9.890345573425293,10.156295776367188,0.3007659912109375,0.771845817565918,0.5555585524444345,1.09976449111368,0.09434270113706589,0.10578916682561365,0.9252106663269904,713.9998567947464,-0.6775691715390179,1.3452680171595912
182,0182_0.15436_0.02261_0.77101,0.15436,0.02261,0.77101,9.705049514770508,9.698643684387207,0.1719834953546524,9.04256534576416,11.136235237121582,2.093669891357422,9.43280029296875,9.589834213256836,9.810699462890625,9.999031066894531,0.22086524963378906,0.5662307739257812,0.3605288633962241,0.559502347672153,0.07263803482055664,0.1365974181652135,0.7995333966665217,797.1021259936721,0.1302964308855412,1.875205917051404
183,0183_0.12119_0.02312_0.62979,0.12119,0.02312,0.62979,9.69625186920166,9.673617362976074,0.32236242294311523,8.716161727905273,13.383091926574707,4.666930198669434,9.218853950500488,9.47655200958252,9.877171516418457,10.264490365982056,0.4006195068359375,1.0456364154815674,0.7573545745824083,1.6565822619944184,0.12334230542182922,0.15138800039562145,0.906218793744912,840.8331914025233,0.5554210856241644,1.847907602119031
184,0184_0.12040_0.02152_0.68957,0.1204,0.02152,0.68957,9.703619003295898,9.684807300567627,0.2924853563308716,8.77657699584961,13.076362609863281,4.299785614013672,9.26490306854248,9.505250930786133,9.871054649353027,10.212858200073242,0.36580371856689453,0.9479551315307617,0.6984588881328215,1.5186826778946605,0.11314114183187485,0.10307772983998162,0.9534786561142633,707.29923511625,-0.7427082083077942,1.249727205144004
185,0185_0.14111_0.02271_0.75566,0.14111,0.02271,0.75566,9.731546401977539,9.722382545471191,0.2006685435771942,8.99581527709961,11.609394073486328,2.6135787963867188,9.41788101196289,9.596791982650757,9.852866172790527,10.074980735778809,0.2560741901397705,0.657099723815918,0.4462364629314651,0.7804377912460914,0.08207325637340546,0.11989924601960343,0.8639736501924414,750.5644971348005,-0.32211178775752886,0.8694768617896139
186,0186_0.13434_0.02248_0.84150,0.13434,0.02248,0.8415,9.76598834991455,9.760204315185547,0.16490304470062256,9.12435245513916,11.079825401306152,1.9554729461669922,9.504063606262207,9.655585289001465,9.867718696594238,10.047395944595337,0.21213340759277344,0.5433323383331299,0.3386534721877874,0.5114505283829676,0.07028115540742874,0.15850050851604663,0.7821849560060318,862.5920659720513,0.7669465527580915,1.5053766290860429
187,0187_0.13092_0.02339_0.63498,0.13092,0.02339,0.63498,9.685653686523438,9.664949417114258,0.30803659558296204,8.730239868164062,13.215450286865234,4.485210418701172,9.22672176361084,9.476144790649414,9.860101699829102,10.2253999710083,0.3839569091796875,0.9986782073974609,0.7312223603985429,1.6003195181318803,0.11848375201225281,0.12461646316400138,0.9371300375963689,763.376428381114,-0.19756261895265453,1.2452837689687697
188,0188_0.12044_0.02168_0.70478,0.12044,0.02168,0.70478,9.717305183410645,9.699695587158203,0.2823924720287323,8.81045150756836,12.917506217956543,4.107054710388184,9.291792869567871,9.526066780090332,9.880043029785156,10.206961631774902,0.3539762496948242,0.9151687622070312,0.6750785713588904,1.4549106463484867,0.1096649020910263,0.09607899867471671,0.9564697725839068,690.5308645602653,-0.9057192778185643,1.3567095004629748
189,0189_0.13456_0.02239_0.80760,0.13456,0.02239,0.8076,9.75612735748291,9.748893737792969,0.18122443556785583,9.073698997497559,11.34133243560791,2.2676334381103516,9.470353126525879,9.634671926498413,9.866862297058105,10.06627082824707,0.23219037055969238,0.5959177017211914,0.3875181356037507,0.6266749530759852,0.07565014064311981,0.14295139099875465,0.821803420929338,815.6235193502489,0.3103492350506842,1.2534809809988285
190,0190_0.14701_0.02339_0.57911,0.14701,0.02339,0.57911,9.621723175048828,9.599410057067871,0.31898683309555054,8.64726734161377,13.27479362487793,4.62752628326416,9.148909568786621,9.40435791015625,9.801074981689453,10.183260202407837,0.3967170715332031,1.0343506336212158,0.7526657828662835,1.6468559931937001,0.12228528410196304,0.16174193219849384,0.9150661599538663,872.6517654412318,0.864740334446842,1.3790773045795137
191,0191_0.14244_0.02278_0.55224,0.14244,0.02278,0.55224,9.601377487182617,9.576518535614014,0.33579593896865845,8.600863456726074,13.527640342712402,4.926776885986328,9.107179641723633,9.37170672416687,9.78835391998291,10.196654319763184,0.41664719581604004,1.0894746780395508,0.7800565923417385,1.6917436392724214,0.12800441682338715,0.2038816517575656,0.8625244992030586,1010.2548392278522,2.2024269123427955,1.7628813005906614
192,0192_0.15414_0.02227_0.55929,0.15414,0.02227,0.55929,9.57558822631836,9.552793502807617,0.3222672939300537,8.595170021057129,13.247273445129395,4.652103424072266,9.09865951538086,9.355802536010742,9.756437301635742,10.143810272216797,0.400634765625,1.0451507568359375,0.758956099708669,1.6587955299492112,0.12343839555978775,0.19231223158661503,0.906636647908729,971.3564147615467,1.8242820142821254,2.423286965095658
193,0193_0.14718_0.02224_0.80662,0.14718,0.02224,0.80662,9.72219181060791,9.716522216796875,0.16365258395671844,9.084636688232422,11.021296501159668,1.936659812927246,9.462165832519531,9.61263656616211,9.823235750198364,10.001408576965332,0.21059918403625488,0.5392427444458008,0.3357123493637386,0.5032156360997688,0.06988916546106339,0.14512834656861878,0.7788616357345662,822.0631693983357,0.3729512772770866,1.770535108366979
194,0194_0.13138_0.02303_0.57464,0.13138,0.02303,0.57464,9.641225814819336,9.616429328918457,0.33580851554870605,8.641379356384277,13.567588806152344,4.926209449768066,9.146920919418335,9.41159725189209,9.828237533569336,10.236480712890625,0.4166402816772461,1.08955979347229,0.7795104709049738,1.6906752766608024,0.12796908617019653,0.18908834980172698,0.8623853661800923,960.6539958396108,1.7202401368085618,1.3828150286370513
195,0195_0.13083_0.02277_0.57061,0.13083,0.02277,0.57061,9.634994506835938,9.609797477722168,0.3380102813243866,8.631559371948242,13.554105758666992,4.92254638671875,9.137916564941406,9.403769493103027,9.822991371154785,10.234641075134277,0.4192218780517578,1.096724510192871,0.7828008744965974,1.6946302622759273,0.1287226378917694,0.19590078538598216,0.8539189359998812,983.341499258462,1.940793122829988,1.418182668011787
196,0196_0.14447_0.02339_0.63241,0.14447,0.02339,0.63241,9.662772178649902,9.644161224365234,0.2905050814151764,8.73929500579834,12.995244026184082,4.255949020385742,9.226771354675293,9.46578311920166,9.829291343688965,10.16818618774414,0.3635082244873047,0.9414148330688477,0.6946676953119362,1.5075840230693078,0.11250554025173187,0.10549342136775434,0.954412629609869,713.2636319170465,-0.6847262655639625,0.6538030762666074
197,0197_0.13904_0.02205_0.84818,0.13904,0.02205,0.84818,9.746447563171387,9.741453170776367,0.15566670894622803,9.133578300476074,10.946728706359863,1.813150405883789,9.498276472091675,9.642247200012207,9.843048095703125,10.011404037475586,0.20080089569091797,0.5131275653839111,0.31182834841412066,0.4527640408567799,0.06725100427865982,0.1571410435984829,0.7584470215254042,858.399163060854,0.7261859084469989,1.6673992042415713
198,0198_0.14369_0.02304_0.58687,0.14369,0.02304,0.58687,9.625811576843262,9.60360336303711,0.3184189200401306,8.652190208435059,13.263766288757324,4.611576080322266,9.153717041015625,9.408878326416016,9.804927825927734,10.186266899108887,0.39604949951171875,1.0325498580932617,0.7516931162940752,1.6448347736039857,0.12208676338195801,0.15891635210471267,0.9164464834110823,863.8777385488336,0.7794450159261274,1.3080519499466614
199,0199_0.13285_0.02199_0.60075,0.13285,0.02199,0.60075,9.633829116821289,9.611005783081055,0.32291680574417114,8.65282154083252,13.315962791442871,4.663141250610352,9.155951499938965,9.413616180419922,9.814945220947266,10.20326042175293,0.40132904052734375,1.0473089218139648,0.7593199254023114,1.6597226189628982,0.12360619753599167,0.164137137485255,0.9047882781788346,880.1403548438113,0.9375394751603585,1.2307823582795798
200,0200_0.13795_0.02155_0.77567,0.13795,0.02155,0.77567,9.722420692443848,9.713942527770996,0.19366925954818726,9.00550651550293,11.488837242126465,2.483330726623535,9.418730735778809,9.59245491027832,9.83993911743164,10.053927421569824,0.2474842071533203,0.6351966857910156,0.42530897018703595,0.7234375542513378,0.0797656998038292,0.12261600545995191,0.8494372643840785,757.9093504380203,-0.2507099548626652,1.0477732140392857
201,0201_0.12799_0.02227_0.68768,0.12799,0.02227,0.68768,9.705425262451172,9.688132286071777,0.27953603863716125,8.803624153137207,12.826695442199707,4.0230712890625,9.283726692199707,9.516146659851074,9.866819381713867,10.189632415771484,0.35067272186279297,0.9059057235717773,0.6684353227605127,1.4359490184118746,0.10869959741830826,0.0920446485907875,0.9563951373924809,681.2268444305809,-0.9961668420005411,0.9642905340133743
202,0202_0.14436_0.02283_0.72466,0.14436,0.02283,0.72466,9.71486759185791,9.704197883605957,0.21595729887485504,8.938799858093262,11.921677589416504,2.982877731323242,9.379695892333984,9.569669723510742,9.844366073608398,10.08422565460205,0.27469635009765625,0.7045297622680664,0.49272347023268726,0.9114987420728196,0.08715329319238663,0.10498530881281254,0.892530260474674,712.0017948920554,-0.696993015174805,0.6285997340046283
203,0203_0.15051_0.02324_0.79780,0.15051,0.02324,0.7978,9.731616973876953,9.725953102111816,0.16357959806919098,9.094409942626953,11.029587745666504,1.9351778030395508,9.47167682647705,9.62210750579834,9.832616806030273,10.01069450378418,0.2105093002319336,0.5390176773071289,0.3352240178567556,0.5026404057343372,0.06986171007156372,0.14725714932343534,0.7787119196350256,828.4050097139748,0.4346024776168762,1.6369128815724034
204,0204_0.14162_0.02201_0.71229,0.14162,0.02201,0.71229,9.69775104522705,9.6856107711792,0.23036542534828186,8.898239135742188,12.172743797302246,3.2745046615600586,9.342558860778809,9.542662620544434,9.834823608398438,10.091976165771484,0.2921609878540039,0.7494173049926758,0.5356337980518638,1.037799362104793,0.09197968244552612,0.09412665392682455,0.9152712894118836,685.9943021569596,-0.9498207536773067,0.5153182929205192
205,0205_0.13166_0.02220_0.62173,0.13166,0.0222,0.62173,9.6532621383667,9.631669998168945,0.31399762630462646,8.687142372131348,13.25159740447998,4.564455032348633,9.186716794967651,9.439457654953003,9.830344200134277,10.204848289489746,0.3908865451812744,1.0181314945220947,0.7429439046508631,1.6266218102895662,0.12055154144763947,0.1409763340718265,0.926298828661588,809.821943439124,0.253950129904307,1.017497051078404
206,0206_0.14828_0.02256_0.57360,0.14828,0.02256,0.5736,9.60024356842041,9.57773208618164,0.3205690085887909,8.623085021972656,13.251437187194824,4.628352165222168,9.125458717346191,9.381749153137207,9.780336380004883,10.164976358413696,0.3985872268676758,1.0395176410675049,0.7558359112191457,1.652984144669296,0.12284201383590698,0.17516160734305522,0.9110992231888924,915.1775783344924,1.2781483169577723,1.824454868838183
207,0207_0.14253_0.02210_0.55308,0.14253,0.0221,0.55308,9.588441848754883,9.563643455505371,0.3354211747646332,8.587629318237305,13.507710456848145,4.92008113861084,9.094773292541504,9.359037399291992,9.775257110595703,10.18305492401123,0.41621971130371094,1.0882816314697266,0.7798705862662305,1.6916554753875843,0.12789013981819153,0.20933626309437317,0.8639450949492815,1028.8429776797432,2.3831285684244334,2.024513038718394
208,0208_0.13728_0.02174_0.71210,0.13728,0.02174,0.7121,9.699466705322266,9.686388969421387,0.23929379880428314,8.877272605895996,12.250414848327637,3.3731422424316406,9.331978797912598,9.538224220275879,9.841146469116211,10.109537363052368,0.30292224884033203,0.7775585651397705,0.5612550374758672,1.1155889675784048,0.09498294442892075,0.08984136610652042,0.9272529782767807,676.2624726340191,-1.0444271993981065,0.2578390436471538
209,0209_0.13931_0.02191_0.59740,0.13931,0.02191,0.5974,9.618327140808105,9.596229553222656,0.3177025318145752,8.646125793457031,13.255311965942383,4.609186172485352,9.147178649902344,9.401862144470215,9.797101020812988,10.177335977554321,0.39523887634277344,1.0301573276519775,0.7504638807412302,1.6422835244379295,0.12184780836105347,0.1610440811855614,0.91815647737768,870.4786714464686,0.8436149439355177,1.4425285826352916
210,0210_0.15461_0.02227_0.63797,0.15461,0.02227,0.63797,9.633216857910156,9.616965293884277,0.2692684531211853,8.751486778259277,12.661282539367676,3.9097957611083984,9.225285530090332,9.451103210449219,9.789737701416016,10.098114252090454,0.3386344909667969,0.8728287220001221,0.6440323380173443,1.3636274464241822,0.10524504631757736,0.10626606849302112,0.9533629167262722,715.1897758138633,-0.666001561478765,1.5104978619958669
211,0211_0.13237_0.02172_0.65918,0.13237,0.02172,0.65918,9.667539596557617,9.648782730102539,0.2914888858795166,8.742301940917969,13.021698951721191,4.279397010803223,9.230216026306152,9.469905853271484,9.834498405456543,10.174879312515259,0.3645925521850586,0.9446632862091064,0.696785849089762,1.5133754055757116,0.11284001171588898,0.10515477588687197,0.9539522929200751,712.4222163085672,-0.6929059546866078,0.6435307955148996
212,0212_0.14153_0.02251_0.58062,0.14153,0.02251,0.58062,9.6155366897583,9.5925874710083,0.3236340284347534,8.633228302001953,13.306254386901855,4.673026084899902,9.136725425720215,9.394793510437012,9.796967506408691,10.186454772949219,0.4021739959716797,1.049729347229004,0.760805460927311,1.662510528648352,0.12386678159236908,0.1730833630945034,0.902798934242903,908.5039201453249,1.213271401497597,1.4952637595518035
213,0213_0.14449_0.02151_0.61169,0.14449,0.02151,0.61169,9.611252784729004,9.590938568115234,0.30393490195274353,8.663095474243164,13.082120895385742,4.419025421142578,9.157813787460327,9.40465259552002,9.783843994140625,10.143034934997559,0.37919139862060547,0.9852211475372314,0.7240953643342474,1.5824734750320246,0.11716317385435104,0.14426139216690653,0.9429904663439244,819.4930422580875,0.34796619166535464,1.6738496775874399
214,0214_0.12451_0.02220_0.72599,0.12451,0.0222,0.72599,9.737059593200684,9.72222900390625,0.25671979784965515,8.880254745483398,12.45712661743164,3.576871871948242,9.345802307128906,9.563782691955566,9.887542724609375,10.178466081619263,0.3237600326538086,0.8326637744903564,0.6095246553626197,1.263115085036552,0.10085911303758621,0.0951931901298167,0.9455492827489526,688.4647200117397,-0.9258049761572616,1.3369252653774262
215,0215_0.12528_0.02222_0.84183,0.12528,0.02222,0.84183,9.785032272338867,9.778032302856445,0.17876194417476654,9.110011100769043,11.332392692565918,2.222381591796875,9.50280475616455,9.665245056152344,9.894429206848145,10.090825319290161,0.22918415069580078,0.5880205631256104,0.37972093540565616,0.6081943097772089,0.0748259574174881,0.15911483906404347,0.8161448426972732,864.491919766296,0.7854156817578313,1.716809391958188
216,0216_0.13723_0.02310_0.60572,0.13723,0.0231,0.60572,9.650442123413086,9.628660202026367,0.3156547248363495,8.68188190460205,13.270586967468262,4.588705062866211,9.18176555633545,9.435483932495117,9.828303337097168,10.205375671386719,0.3928194046020508,1.0236101150512695,0.7462131964397487,1.6337308072347296,0.1211187094449997,0.14479302569085736,0.9227833311730331,821.0682229948771,0.36327906274722627,1.0461745037327892
217,0217_0.14159_0.02206_0.79323,0.14159,0.02206,0.79323,9.7290678024292,9.722107887268066,0.17804628610610962,9.052087783813477,11.262269973754883,2.2101821899414062,9.44795036315918,9.609747886657715,9.838066101074219,10.033675193786621,0.2283182144165039,0.5857248306274414,0.37841680899277913,0.603036508374144,0.07462058961391449,0.1359638594911007,0.8142189198200128,795.2785062246687,0.11256839893790963,1.3317988406670824
218,0218_0.12103_0.02323_0.82525,0.12103,0.02323,0.82525,9.810995101928711,9.802453994750977,0.1952630877494812,9.091177940368652,11.599133491516113,2.507955551147461,9.50491714477539,9.68000602722168,9.929401397705078,10.145156145095825,0.24939537048339844,0.6402390003204346,0.4290577418958185,0.7360934797824372,0.08023495227098465,0.16581446226761098,0.8532076018029177,885.4116508837319,0.988783548179049,2.485329855366991
219,0219_0.14132_0.02331_0.61611,0.14132,0.02331,0.61611,9.654228210449219,9.633813858032227,0.30528464913368225,8.703411102294922,13.153066635131836,4.449655532836914,9.198923826217651,9.44665241241455,9.827413558959961,10.188675880432129,0.38076114654541016,0.9897520542144775,0.7261415544410871,1.5880282608390983,0.11758074909448624,0.12645372664991525,0.9412155921263383,768.4404011847087,-0.14833400607513203,0.8842748220162086
220,0220_0.14825_0.02350_0.72770,0.14825,0.0235,0.7277,9.721282958984375,9.711506843566895,0.20705156028270721,8.968221664428711,11.739141464233398,2.7709197998046875,9.39860725402832,9.582196235656738,9.846026420593262,10.075519561767578,0.26383018493652344,0.6769123077392578,0.465937026337595,0.834667621155682,0.08419088274240494,0.11253367485429375,0.8764163107970834,731.13439037559,-0.5109985059364112,0.7719318257407746
221,0221_0.12380_0.02201_0.73469,0.1238,0.02201,0.73469,9.740378379821777,9.726101398468018,0.2512577176094055,8.896403312683105,12.329354286193848,3.432950973510742,9.356459617614746,9.570883750915527,9.888124465942383,10.171821594238281,0.31724071502685547,0.8153619766235352,0.594297714479701,1.2174613898959663,0.098996601998806,0.09731469939684487,0.9406724075142177,693.4346298352241,-0.8774907817044723,1.3245533724471963
222,0222_0.12270_0.02235_0.60149,0.1227,0.02235,0.60149,9.661919593811035,9.63761043548584,0.33294975757598877,8.665518760681152,13.571505546569824,4.905986785888672,9.171171188354492,9.434369087219238,9.847558975219727,10.251367568969727,0.4131898880004883,1.0801963806152344,0.7747190695300592,1.684522771009238,0.126976877450943,0.17777753596714446,0.8728460930274703,923.6210723274288,1.3602304120308137,1.4773243686376685
223,0223_0.12281_0.02320_0.81703,0.12281,0.0232,0.81703,9.803422927856445,9.794708251953125,0.19653576612472534,9.079870223999023,11.607580184936523,2.5277099609375,9.495514869689941,9.671539306640625,9.922520637512207,10.139737129211426,0.25098133087158203,0.6442222595214844,0.4328059925616805,0.7464985169513421,0.08066035062074661,0.15986670329917702,0.8558400781649258,866.8214107479243,0.8080614609087108,2.29466890180554
224,0224_0.14911_0.02174_0.83684,0.14911,0.02174,0.83684,9.712740898132324,9.708358764648438,0.14827944338321686,9.120292663574219,10.816427230834961,1.6961345672607422,9.47567367553711,9.613524436950684,9.805226564407349,9.964677810668945,0.19170212745666504,0.48900413513183594,0.2912277215488022,0.40960697162977944,0.06482011824846268,0.15468347756738282,0.738995195001175,850.8597303746693,0.6528925027713481,2.3319662154348526
225,0225_0.15272_0.02204_0.63190,0.15272,0.02204,0.6319,9.626046180725098,9.608851432800293,0.27764368057250977,8.728076934814453,12.760488510131836,4.032411575317383,9.207033157348633,9.438056945800781,9.786571502685547,10.10677170753479,0.3485145568847656,0.8997385501861572,0.6649077020573072,1.4238814726163795,0.10812608152627945,0.1134114537130038,0.9559815059702056,733.4116687877657,-0.48886030304405764,1.5848381771125386
226,0226_0.15380_0.02235_0.76304,0.1538,0.02235,0.76304,9.69932746887207,9.69245719909668,0.17698214948177338,9.025384902954102,11.213752746582031,2.1883678436279297,9.419766426086426,9.580704689025879,9.80771541595459,10.002117156982422,0.22701072692871094,0.5823507308959961,0.3753196779573548,0.5953071089438962,0.07428395003080368,0.1324465494548857,0.8115804478198618,785.233662625234,0.014919036243699666,1.8669277938985276
227,0227_0.14573_0.02335_0.63290,0.14573,0.02335,0.6329,9.660676002502441,9.64233112335205,0.28823623061180115,8.741764068603516,12.965874671936035,4.2241106033325195,9.227617263793945,9.465298652648926,9.826130867004395,10.16177487373352,0.36083221435546875,0.9341576099395752,0.6895613787740548,1.4935973706592955,0.11173155903816223,0.10402654543582113,0.955272258129414,709.6313663016736,-0.7200367628321551,0.6581479739400197
228,0228_0.12203_0.02190_0.76736,0.12203,0.0219,0.76736,9.760269165039062,9.748162269592285,0.23033063113689423,8.96182632446289,12.235298156738281,3.2734718322753906,9.404990196228027,9.60523509979248,9.897316932678223,10.15436840057373,0.2920818328857422,0.7493782043457031,0.5345952419271621,1.0369841041314123,0.09191951900720596,0.11465614120751681,0.9154769578958655,736.6589301189968,-0.45729256419801856,1.540344588431854
229,0229_0.14828_0.02261_0.63534,0.14828,0.02261,0.63534,9.64531135559082,9.627615928649902,0.28228628635406494,8.73795223236084,12.823746681213379,4.085794448852539,9.220148086547852,9.454076766967773,9.807971954345703,10.134866714477539,0.3538951873779297,0.9147186279296875,0.6759348457492291,1.455557286193839,0.10970362275838852,0.10556059250318993,0.9563116200171022,713.4307330320963,-0.6831018184306068,0.9961871299886347
230,0230_0.14463_0.02198_0.79039,0.14463,0.02198,0.79039,9.71963119506836,9.712949752807617,0.1751236468553543,9.051450729370117,11.204034805297852,2.1525840759277344,9.442787170410156,9.602288246154785,9.826993942260742,10.019146919250488,0.22470569610595703,0.576359748840332,0.36964560810550134,0.5816642788333457,0.07366366684436798,0.13610248082387452,0.8072023184876026,795.6771440564391,0.11644369374293524,1.526943365314751
231,0231_0.14919_0.02318_0.57366,0.14919,0.02318,0.57366,9.610595703125,9.58820629119873,0.31962233781814575,8.634737968444824,13.260115623474121,4.625377655029297,9.136957168579102,9.392724990844727,9.790220499038696,10.173410654067993,0.3974955081939697,1.0364534854888916,0.7539185262678156,1.6493973710030279,0.12250836938619614,0.16815308018288577,0.9134975421540168,892.7976961191002,1.0605858219451547,1.597319240627936
232,0232_0.12826_0.02303_0.81672,0.12826,0.02303,0.81672,9.786469459533691,9.778701782226562,0.18678227066993713,9.08967399597168,11.45748233795166,2.3678083419799805,9.492589712142944,9.661231994628906,9.900261878967285,10.10616397857666,0.2390298843383789,0.6135742664337158,0.4036020471678249,0.6686942349578442,0.07745929807424545,0.15486802889548634,0.8346344382375469,851.4240768993915,0.6583787084979275,1.7783784302375651
233,0233_0.15430_0.02277_0.68099,0.1543,0.02277,0.68099,9.674437522888184,9.662150382995605,0.2315201610326767,8.871211051940918,12.167173385620117,3.295962333679199,9.317695617675781,9.518549919128418,9.812105178833008,10.070797204971313,0.29355525970458984,0.7531015872955322,0.5393149772938557,1.0480056967597164,0.0923852026462555,0.09563761212542603,0.9168205470272344,689.4997196046876,-0.9157433908633089,1.0810316306232521
234,0234_0.13288_0.02276_0.70567,0.13288,0.02276,0.70567,9.721723556518555,9.707167625427246,0.25421833992004395,8.87026596069336,12.383659362792969,3.5133934020996094,9.333882331848145,9.55016040802002,9.870950937271118,10.15861439704895,0.32079052925109863,0.8247320652008057,0.6030003832977047,1.2426393001662035,0.10002172738313675,0.0896644270133468,0.9433337680070464,675.8674602126493,-1.0482672503477524,0.8319706347693236
235,0235_0.12393_0.02345_0.79019,0.12393,0.02345,0.79019,9.796034812927246,9.785958290100098,0.21065382659435272,9.035283088684082,11.898603439331055,2.8633203506469727,9.46817398071289,9.654561996459961,9.922739028930664,10.156238555908203,0.2681770324707031,0.6880645751953125,0.4757925946927382,0.8652264310011364,0.08533138036727905,0.14715804640563968,0.8834639019828839,828.1088142912014,0.43172306053283205,2.2698273534505735
236,0236_0.14297_0.02231_0.63452,0.14297,0.02231,0.63452,9.64587688446045,9.627163887023926,0.2913346588611603,8.720732688903809,12.995975494384766,4.275242805480957,9.208831787109375,9.448286056518555,9.812738418579102,10.152972221374512,0.3644523620605469,0.9441404342651367,0.6967578625853776,1.5130253183335718,0.11280543357133865,0.11254860754880991,0.9539976234172473,731.1730446183466,-0.5106227348123271,0.9266336936278723
237,0237_0.12269_0.02332_0.84021,0.12269,0.02332,0.84021,9.812536239624023,9.805036544799805,0.1840665638446808,9.123556137084961,11.444042205810547,2.320486068725586,9.522539138793945,9.689176559448242,9.924838066101074,10.1275053024292,0.23566150665283203,0.6049661636352539,0.3951153322842941,0.6479670512242781,0.07655125856399536,0.17314161094068178,0.8285959589825862,908.6905487473942,1.2150856820159728,2.40461553539714
238,0238_0.12643_0.02234_0.81829,0.12643,0.02234,0.81829,9.778279304504395,9.77031135559082,0.189139723777771,9.074538230895996,11.483169555664062,2.4086313247680664,9.48100471496582,9.65147590637207,9.89335823059082,10.102031946182251,0.24188232421875,0.6210272312164307,0.4111336003824551,0.6873503174191371,0.078241266310215,0.1486591993975656,0.8398414147300892,832.6054154096458,0.47543605906382813,1.6032432359399225
239,0239_0.14201_0.02321_0.58121,0.14201,0.02321,0.58121,9.628397941589355,9.605612754821777,0.3228561580181122,8.64723014831543,13.308618545532227,4.661388397216797,9.150605201721191,9.408224105834961,9.809515953063965,10.197651147842407,0.4012918472290039,1.0470459461212158,0.7592647882572263,1.659521190002672,0.12359122931957245,0.16610185122986282,0.9049635549231468,886.3170389352518,0.9975851353164386,1.290877730966579
240,0240_0.12386_0.02151_0.75478,0.12386,0.02151,0.75478,9.742359161376953,9.72974681854248,0.23542551696300507,8.930967330932617,12.269880294799805,3.3389129638671875,9.380155563354492,9.583808898925781,9.882080078125,10.1455078125,0.29827117919921875,0.7653522491455078,0.5497454194948048,1.0816334309780151,0.09364692121744156,0.10312242479319499,0.9224393091277067,707.408785619006,-0.741643230374483,1.1048760721119746
241,0241_0.14738_0.02155_0.82268,0.14738,0.02155,0.82268,9.710981369018555,9.7059326171875,0.15616677701473236,9.096497535705566,10.916023254394531,1.8195257186889648,9.462096214294434,9.606436729431152,9.807853698730469,9.976863861083984,0.2014169692993164,0.5147676467895508,0.3137754140755903,0.4557846837444042,0.06742805242538452,0.14889912874897585,0.7596297314893596,833.3260797900798,0.48244188416893524,2.1636945979551294
242,0242_0.15205_0.02268_0.59717,0.15205,0.02268,0.59717,9.612698554992676,9.59244155883789,0.30343684554100037,8.665215492248535,13.073626518249512,4.408411026000977,9.159896850585938,9.406431198120117,9.785069465637207,10.143463134765625,0.37863826751708984,0.9835662841796875,0.7229361211034867,1.5798801804584883,0.11698810011148453,0.14282102217499762,0.9436206053162173,815.2393641682617,0.3066147310411998,1.6414074687910363
243,0243_0.13875_0.02222_0.74862,0.13875,0.02222,0.74862,9.724313735961914,9.714310646057129,0.2094409465789795,8.96544361114502,11.794126510620117,2.8286828994750977,9.398256301879883,9.583601951599121,9.85033893585205,10.082559585571289,0.2667369842529297,0.6843032836914062,0.472963589195301,0.8550737177346042,0.08498130738735199,0.1116091911785734,0.8809063486290789,728.7474755228225,-0.534202522193191,0.7221348461361432
244,0244_0.12462_0.02288_0.60851,0.12462,0.02288,0.60851,9.672091484069824,9.648571014404297,0.3280153274536133,8.68337345123291,13.478800773620605,4.795427322387695,9.187543869018555,9.448190689086914,9.855514526367188,10.251664161682129,0.40732383728027344,1.0641202926635742,0.7671084563495753,1.673402172754896,0.12529167532920837,0.16510559644021103,0.8894976999135922,883.1812092379853,0.9671006615240452,1.506324991623655
245,0245_0.15185_0.02269_0.72284,0.15185,0.02269,0.72284,9.697148323059082,9.687630653381348,0.20443390309810638,8.95082950592041,11.654731750488281,2.703902244567871,9.378171920776367,9.559845924377441,9.820472717285156,10.046991348266602,0.26062679290771484,0.6688194274902344,0.4583233705919967,0.8125075442011913,0.08333682268857956,0.11130952078359103,0.8712994451625125,727.9763134880994,-0.5416992522795522,1.2011025909303392
246,0246_0.14269_0.02150_0.71581,0.14269,0.0215,0.71581,9.687567710876465,9.675901412963867,0.2255987972021103,8.893824577331543,12.081042289733887,3.1872177124023438,9.33895754814148,9.535775184631348,9.822166442871094,10.073591232299805,0.2863912582397461,0.7346336841583252,0.5218289971332032,0.9960735843797215,0.09039154648780823,0.09709338759644577,0.9081392651592111,692.9127402814809,-0.8825642486843523,0.8773251708959906
247,0247_0.14232_0.02266_0.69152,0.14232,0.02266,0.69152,9.696781158447266,9.68303108215332,0.24585366249084473,8.859389305114746,12.249828338623047,3.390439033508301,9.320355415344238,9.530999183654785,9.841800928115845,10.118565559387207,0.31080174446105957,0.7982101440429688,0.5800111227801046,1.1724147938981684,0.09720399230718613,0.08734198436035788,0.9349255371667583,670.7338115723792,-1.0981732058816536,0.1375196355459355
248,0248_0.12351_0.02266_0.58860,0.12351,0.02266,0.5886,9.65882396697998,9.633772850036621,0.33736810088157654,8.656713485717773,13.583590507507324,4.926877021789551,9.162439346313477,9.428101539611816,9.84653377532959,10.257184982299805,0.41843223571777344,1.0947456359863281,0.7815124001174923,1.6930438934058136,0.12847666442394257,0.18854054726231897,0.8563666874249759,958.8416803916574,1.702621998035004,1.5426487407724543
249,0249_0.14261_0.02193_0.79413,0.14261,0.02193,0.79413,9.72431468963623,9.717535972595215,0.1760762333869934,9.050727844238281,11.225131034851074,2.174403190612793,9.446063995361328,9.606316566467285,9.832212448120117,10.025491714477539,0.22589588165283203,0.5794277191162109,0.37240493443973566,0.5886104040909861,0.07397352159023285,0.13631870503999724,0.8095162209409434,796.299355374949,0.12249242293539642,1.4351404190935129
250,0250_0.12242_0.02258_0.59584,0.12242,0.02258,0.59584,9.663805961608887,9.639084815979004,0.33548593521118164,8.663921356201172,13.592432022094727,4.928510665893555,9.169812202453613,9.434430122375488,9.850640296936035,10.258413314819336,0.4162101745605469,1.0886011123657227,0.7786718155811174,1.689590468756224,0.1278364509344101,0.18327547891019685,0.8635465525328594,941.5185118893035,1.5342175477960298,1.5632886066965916
251,0251_0.14474_0.02264_0.60222,0.14474,0.02264,0.60222,9.626644134521484,9.605706214904785,0.309075266122818,8.669439315795898,13.173343658447266,4.503904342651367,9.166536331176758,9.41631031036377,9.801519393920898,10.168651819229126,0.3852090835571289,1.0021154880523682,0.7340470524365142,1.6061838662389585,0.11890371888875961,0.1431751177914889,0.9354286481549988,816.2831665627152,0.31676189138153776,1.2870255989479318
252,0252_0.12678_0.02248_0.75579,0.12678,0.02248,0.75579,9.756519317626953,9.744657039642334,0.22817854583263397,8.960247039794922,12.197020530700684,3.2367734909057617,9.404236555099487,9.602989196777344,9.892483711242676,10.146882057189941,0.28949451446533203,0.7426455020904541,0.5284498878713632,1.0182562720475543,0.09119978547096252,0.1135712523269794,0.9123267429374985,733.8273865463293,-0.48481896842470296,1.401552531233701
253,0253_0.14155_0.02195_0.81238,0.14155,0.02195,0.81238,9.73139762878418,9.72530746459961,0.16842158138751984,9.078673362731934,11.103483200073242,2.0248098373413086,9.464350700378418,9.618602752685547,9.835092544555664,10.01904296875,0.2164897918701172,0.554692268371582,0.3494720349329707,0.5348629204233717,0.07145421952009201,0.1436792578435133,0.7908593440597831,817.7714172633998,0.3312296858287546,1.526576391917149
254,0254_0.13721_0.02343_0.68852,0.13721,0.02343,0.68852,9.71599006652832,9.70085620880127,0.2594352662563324,8.852397918701172,12.487658500671387,3.635260581970215,9.321099281311035,9.540773391723633,9.867783546447754,10.162384033203125,0.3270101547241211,0.8412847518920898,0.616804523543675,1.2851637080945055,0.10180482268333435,0.08780726711784853,0.9476115868218408,671.7546235721576,-1.0882495430369108,0.7742079913331434
255,0255_0.15486_0.02206_0.63656,0.15486,0.02206,0.63656,9.627659797668457,9.6112961769104,0.27006155252456665,8.74563980102539,12.674917221069336,3.9292774200439453,9.218655347824097,9.44498348236084,9.784577369689941,10.094053506851196,0.33959388732910156,0.8753981590270996,0.6461465935113727,1.3697178519867945,0.10552530735731125,0.1097705690939375,0.9536979977157399,724.0359584859694,-0.5800047919266395,1.6590198465775137
256,0256_0.12952_0.02233_0.80958,0.12952,0.02233,0.80958,9.767916679382324,9.760000228881836,0.18852561712265015,9.065925598144531,11.463817596435547,2.3978919982910156,9.471552848815918,9.641508102416992,9.882658958435059,10.090627670288086,0.2411508560180664,0.619074821472168,0.40932676524922307,0.6824961301774395,0.07804448157548904,0.14349858370038515,0.8384370060125281,817.2377640759792,0.3260418605395391,1.3880465952122165
257,0257_0.13487_0.02301_0.61009,0.13487,0.02301,0.61009,9.655720710754395,9.633857727050781,0.3161092698574066,8.686199188232422,13.29814624786377,4.611947059631348,9.186471939086914,9.440448760986328,9.833765983581543,10.211512804031372,0.39331722259521484,1.025040864944458,0.7469081337426698,1.6350947955150739,0.12126901745796204,0.14411651584477314,0.9217748275274907,819.0642696542865,0.34379794642714484,1.0591153827594906
258,0258_0.15148_0.02237_0.77385,0.15148,0.02237,0.77385,9.70754337310791,9.70093059539795,0.17430858314037323,9.040023803710938,11.178018569946289,2.1379947662353516,9.431916236877441,9.590764999389648,9.814470291137695,10.005631685256958,0.22370529174804688,0.5737154483795166,0.3673871075779832,0.5760152193484904,0.07340043783187866,0.1350328464938823,0.8052062715056465,792.6065297761598,0.0865932013404563,1.7646550356497581
259,0259_0.14559_0.02347_0.57235,0.14559,0.02347,0.57235,9.621352195739746,9.598389625549316,0.32366833090782166,8.638980865478516,13.314950942993164,4.675970077514648,9.142507553100586,9.400591611862183,9.802851676940918,10.19234299659729,0.40226006507873535,1.049835443496704,0.7608041594567816,1.6623551654119666,0.12387062609195709,0.1705808037864813,0.9026884620103963,900.5091046092422,1.1355510632734975,1.3959855275493593
260,0260_0.12658_0.02183_0.83831,0.12658,0.02183,0.83831,9.773064613342285,9.766092300415039,0.17835336923599243,9.098798751831055,11.313202857971191,2.2144041061401367,9.491425514221191,9.653532981872559,9.88221263885498,10.078134536743164,0.22867965698242188,0.5867090225219727,0.3784252497802899,0.6051387179294503,0.07469657063484192,0.152901732985298,0.8151388473397406,845.4266886642049,0.600076044728361,1.4931849585100696
261,0261_0.13734_0.02180_0.71631,0.13734,0.0218,0.71631,9.703023910522461,9.690345764160156,0.23580878973007202,8.88992691040039,12.237102508544922,3.3471755981445312,9.340391159057617,9.544194221496582,9.842918395996094,10.106922149658203,0.2987241744995117,0.7665309906005859,0.5514868399352878,1.085473542558935,0.0938071683049202,0.09166238068206829,0.922792409106956,680.3595219243092,-1.0045983809438193,0.297215152409627
262,0262_0.12156_0.02294_0.68974,0.12156,0.02294,0.68974,9.729613304138184,9.711090087890625,0.2902745008468628,8.807112693786621,13.082569122314453,4.275456428527832,9.293733596801758,9.532858848571777,9.896017074584961,10.234501838684082,0.3631582260131836,0.9407682418823242,0.6929583591573888,1.5044631268891742,0.11235220730304718,0.10624254464914258,0.9546230934584838,715.1310010545665,-0.6665729310308172,1.8917059334342103
263,0263_0.12529_0.02213_0.68562,0.12529,0.02213,0.68562,9.705183982849121,9.687137603759766,0.2861647605895996,8.790283203125,12.987528800964355,4.1972455978393555,9.274735450744629,9.511344909667969,9.869693756103516,10.202166557312012,0.3583488464355469,0.9274311065673828,0.6841623261160616,1.4800131424278549,0.1109679564833641,0.09698990039936554,0.9559407058922827,692.6689729010731,-0.8849339948239336,1.1271499390775694
264,0264_0.12116_0.02156_0.79308,0.12116,0.02156,0.79308,9.766963958740234,9.756475448608398,0.21457983553409576,8.995198249816895,11.949491500854492,2.9542932510375977,9.433643341064453,9.622751235961914,9.89574146270752,10.133934020996094,0.27299022674560547,0.7002906799316406,0.48786248103220736,0.899145290398558,0.08665849268436432,0.12660017675191926,0.8903588168994171,768.8457940727689,-0.14439304305585007,1.517124499669664
265,0265_0.12509_0.02255_0.78644,0.12509,0.02255,0.78644,9.77497386932373,9.76486587524414,0.2107110172510147,9.013585090637207,11.876508712768555,2.8629236221313477,9.44703483581543,9.633428573608398,9.901677370071411,10.135316133499146,0.2682487964630127,0.6882812976837158,0.47601058190076573,0.8656188481091629,0.08536733686923981,0.13350074393008418,0.8834577847096764,788.2299995168203,0.04404745272765687,1.6889969121262884
266,0266_0.13361_0.02307_0.82745,0.13361,0.02307,0.82745,9.776224136352539,9.769790649414062,0.172587588429451,9.111228942871094,11.221331596374512,2.110102653503418,9.503029823303223,9.66062068939209,9.882233619689941,10.071221351623535,0.22161293029785156,0.5681915283203125,0.36153904029391654,0.5638868169530493,0.07280135899782181,0.1583454138287911,0.8012940737171808,862.1129166214972,0.7622885779221686,1.5622454108622073
267,0267_0.13365_0.02211_0.79064,0.13365,0.02211,0.79064,9.748112678527832,9.739811897277832,0.19215144217014313,9.035517692565918,11.494400024414062,2.4588823318481445,9.446555137634277,9.61920166015625,9.864814758300781,10.07699203491211,0.24561309814453125,0.630436897277832,0.42044983127730046,0.7112288838423866,0.07924960553646088,0.13190528824880526,0.8462885225204801,783.7000507989732,1.0270768933410463e-05,1.0756262185711178
268,0268_0.15221_0.02192_0.73970,0.15221,0.02192,0.7397,9.687494277954102,9.679084777832031,0.19289174675941467,8.972423553466797,11.4425687789917,2.4701452255249023,9.384955406188965,9.55807113647461,9.804586410522461,10.017691612243652,0.24651527404785156,0.6327362060546875,0.4234305291787389,0.7171219060178955,0.07952701300382614,0.12026426640989706,0.8476325947977121,751.5459191378148,-0.31257104855340423,1.7251042092967228
269,0269_0.13637_0.02297_0.68316,0.13637,0.02297,0.68316,9.704198837280273,9.68836784362793,0.266001433134079,8.830413818359375,12.642399787902832,3.811985969543457,9.300516128540039,9.524396657943726,9.859192848205566,10.162827491760254,0.3347961902618408,0.8623113632202148,0.6345739439421999,1.3375962260123977,0.10406405478715897,0.08638350919843366,0.9519012495958773,668.6432016477042,-1.118496740515701,0.5909798113588327
270,0270_0.14818_0.02333_0.63397,0.14818,0.02333,0.63397,9.657983779907227,9.640164375305176,0.28350189328193665,8.748559951782227,12.868468284606934,4.119908332824707,9.23117733001709,9.465927124023438,9.821208953857422,10.149846076965332,0.3552818298339844,0.9186687469482422,0.6785839095204493,1.4633231593917806,0.11010555922985077,0.10111127956575237,0.956264183950431,702.5097779193,-0.7892681610142444,0.6924226654104303
271,0271_0.12023_0.02333_0.55498,0.12023,0.02333,0.55498,9.66102123260498,9.633352279663086,0.3524271249771118,8.639996528625488,13.79450798034668,5.154511451721191,9.14581298828125,9.419058799743652,9.855867385864258,10.289600372314453,0.43680858612060547,1.1437873840332031,0.8008902946443506,1.7063996202289422,0.13355718553066254,0.22421476644290259,0.791632954039677,1080.2745407914827,2.8831123969940546,1.935386609125995
272,0272_0.12230_0.02340_0.76594,0.1223,0.0234,0.76594,9.787796020507812,9.775694847106934,0.23073485493659973,8.98762321472168,12.269637107849121,3.2820138931274414,9.431903839111328,9.63252067565918,9.92509937286377,10.182563781738281,0.29257869720458984,0.7506599426269531,0.5354228710410972,1.0405534131956573,0.09202934801578522,0.1321648523534188,0.9161921883057146,784.435086834585,0.007155807653033556,2.3455371622573056
273,0273_0.13820_0.02151_0.76911,0.1382,0.02151,0.76911,9.718904495239258,9.710101127624512,0.19722208380699158,8.992095947265625,11.53049087524414,2.5383949279785156,9.410162925720215,9.586533546447754,9.838349342346191,10.056502342224121,0.2518157958984375,0.6463394165039062,0.4362357456427879,0.7522815877890539,0.08094148337841034,0.11920660714755515,0.856882959615186,748.7069135713011,-0.3401699933762964,1.0048295897616124
274,0274_0.15111_0.02185_0.66316,0.15111,0.02185,0.66316,9.649213790893555,9.634696960449219,0.2529439330101013,8.79934024810791,12.271862030029297,3.4725217819213867,9.263228416442871,9.478508949279785,9.797809600830078,10.083856582641602,0.31930065155029297,0.8206281661987305,0.6004228917016182,1.2326995903899851,0.09965073317289352,0.09701757002571802,0.941933186852158,692.734131053019,-0.8843005701270857,1.3388543662961336
275,0275_0.12281_0.02208_0.80388,0.12281,0.02208,0.80388,9.777555465698242,9.768065452575684,0.20434539020061493,9.032536506652832,11.741484642028809,2.7089481353759766,9.458589553833008,9.640344619750977,9.900860786437988,10.127134323120117,0.2605161666870117,0.6685447692871094,0.4569776109040014,0.8115772425366679,0.08325489610433578,0.13877015635492576,0.8714723261806994,803.3884710206316,0.19140814252961955,1.69067353853742
276,0276_0.12809_0.02278_0.57162,0.12809,0.02278,0.57162,9.641520500183105,9.615976333618164,0.34000909328460693,8.63598346710205,13.577449798583984,4.941466331481934,9.141898155212402,9.408806562423706,9.830460548400879,10.245111465454102,0.42165398597717285,1.1032133102416992,0.7855054262966521,1.697743452126252,0.12939238548278809,0.19864330412905157,0.8459052570036982,992.5505102486034,2.0303170706475417,1.4607730282174847
277,0277_0.12807_0.02152_0.58349,0.12807,0.02152,0.58349,9.62359619140625,9.598877429962158,0.33527034521102905,8.623175621032715,13.548063278198242,4.924887657165527,9.129999160766602,9.394331932067871,9.810338258743286,10.217774391174316,0.41600632667541504,1.0877752304077148,0.7789985086862138,1.6903588965115528,0.12780529260635376,0.19360367617414054,0.8644397105416393,975.6609834130734,1.866128199474965,1.443355244739279
278,0278_0.14661_0.02214_0.75449,0.14661,0.02214,0.75449,9.708365440368652,9.700024604797363,0.19240158796310425,8.994750022888184,11.457426071166992,2.4626760482788086,9.406512260437012,9.57929515838623,9.825196266174316,10.037726640701294,0.24590110778808594,0.6312143802642822,0.4217703250507426,0.7131626083251952,0.07935484498739243,0.12119656138018546,0.8466627386628934,754.0602194371877,-0.28812867476976084,1.2849061449710941
279,0279_0.15395_0.02210_0.77076,0.15395,0.0221,0.77076,9.696003913879395,9.689531326293945,0.17264999449253082,9.029854774475098,11.137742042541504,2.1078872680664062,9.422785758972168,9.580331802368164,9.802023887634277,9.991157531738281,0.22169208526611328,0.5683717727661133,0.36242317760426546,0.5640365650251629,0.07286108285188675,0.13569823653875285,0.801133151912223,794.5152270347022,0.10514830068350002,2.05321497897855
280,0280_0.14554_0.02285_0.72378,0.14554,0.02285,0.72378,9.712636947631836,9.702115058898926,0.21447592973709106,8.940176963806152,11.888898849487305,2.9487218856811523,9.379515647888184,9.568452835083008,9.841338157653809,10.079508781433105,0.2728853225708008,0.6999931335449219,0.488297179183887,0.898609647022623,0.08666133880615234,0.10558147871447186,0.8899490830788243,713.48270585035,-0.6825965728755458,0.6791378142854367
281,0281_0.13570_0.02298_0.67114,0.1357,0.02298,0.67114,9.69609546661377,9.679039001464844,0.2770620286464691,8.799674987792969,12.830501556396484,4.030826568603516,9.277688026428223,9.508563041687012,9.85635757446289,10.175588607788086,0.3477945327758789,0.8979005813598633,0.6624648847178649,1.4187331132359775,0.10786289721727371,0.08995922417379308,0.9560539908721105,676.5258954043707,-1.0418663764854013,0.666151446380089
282,0282_0.13079_0.02345_0.68600,0.13079,0.02345,0.686,9.72269344329834,9.705840110778809,0.2752239406108856,8.8301420211792,12.839000701904297,4.008858680725098,9.30662727355957,9.536458015441895,9.882080078125,10.198721885681152,0.34562206268310547,0.892094612121582,0.6575435730566483,1.4053790952381418,0.1072007417678833,0.09328631084942295,0.9557361609953501,684.0612239594344,-0.9686128684731043,1.3335524818910802
283,0283_0.12869_0.02164_0.61163,0.12869,0.02164,0.61163,9.641474723815918,9.618746757507324,0.3223106563091278,8.660819053649902,13.323450088500977,4.662631034851074,9.16434383392334,9.421721458435059,9.822309494018555,10.209685325622559,0.4005880355834961,1.0453414916992188,0.7581603750683508,1.6577853390723734,0.1233898252248764,0.1602753045523979,0.9064350652258645,868.0893428896158,0.8203874632351819,1.1697831529534422
284,0284_0.13110_0.02273_0.84315,0.1311,0.02273,0.84315,9.779675483703613,9.77357292175293,0.1688733696937561,9.1258544921875,11.16219425201416,2.03633975982666,9.511905670166016,9.666571617126465,9.883634567260742,10.068082809448242,0.21706295013427734,0.5561771392822266,0.3502918236056399,0.5381407785759462,0.07157967239618301,0.162551612391852,0.7921695255337686,875.178063196545,0.8892993396060702,1.6295166893461408
285,0285_0.13273_0.02249_0.57611,0.13273,0.02249,0.57611,9.629013061523438,9.604488372802734,0.33399999141693115,8.631475448608398,13.542999267578125,4.911523818969727,9.1370267868042,9.400628805160522,9.815159797668457,10.22064208984375,0.41453099250793457,1.0836153030395508,0.7769744202587924,1.6878979965800243,0.12736845016479492,0.1889058545915427,0.869112289772501,960.0500363989382,1.7143688403676545,1.3865708493067237
286,0286_0.12137_0.02167_0.79571,0.12137,0.02167,0.79571,9.769742012023926,9.759465217590332,0.21243248879909515,9.00352668762207,11.907840728759766,2.9043140411376953,9.439412117004395,9.62701416015625,9.897380828857422,10.13306450843811,0.2703666687011719,0.6936523914337158,0.481408731159609,0.8806451814444047,0.08594308793544769,0.12942832716855687,0.8865596555216209,776.7241061968767,-0.06780527437536021,1.567805783389306
287,0287_0.14017_0.02229_0.70487,0.14017,0.02229,0.70487,9.701350212097168,9.688314437866211,0.23917247354984283,8.879496574401855,12.251632690429688,3.372136116027832,9.334025382995605,9.540197372436523,9.842992782592773,10.111153602600098,0.30279541015625,0.7771282196044922,0.5610090904277827,1.1146979191882176,0.09494022279977798,0.09001215265118188,0.9271082396859466,676.6442732704098,-1.0407155847322598,0.23850038121903483
288,0288_0.12997_0.02290_0.66330,0.12997,0.0229,0.6633,9.69710636138916,9.678252220153809,0.2927612066268921,8.769526481628418,13.072386741638184,4.302860260009766,9.258033752441406,9.498517990112305,9.864662170410156,10.206918001174927,0.36614418029785156,0.9488842487335205,0.6989918009215789,1.5201475619857092,0.11324246227741241,0.10302014362455107,0.9533158476072922,707.1581331569429,-0.7440799087494036,1.098005960293925
289,0289_0.13958_0.02292_0.73972,0.13958,0.02292,0.73972,9.732417106628418,9.72194766998291,0.21401701867580414,8.961624145507812,11.900352478027344,2.9387283325195312,9.39990520477295,9.588586807250977,9.860885620117188,10.09843635559082,0.27229881286621094,0.6985311508178711,0.4865746376722576,0.8945848722549523,0.0864936038851738,0.11096110962638042,0.8892235607048184,727.0813039319265,-0.5503999465114097,0.7317379770763875
290,0290_0.14336_0.02348_0.61648,0.14336,0.02348,0.61648,9.654451370239258,9.634411811828613,0.302471786737442,8.708611488342285,13.120227813720703,4.411616325378418,9.202813148498535,9.448904037475586,9.826345443725586,10.183358192443848,0.37744140625,0.9805450439453125,0.7204356162448733,1.574317276458964,0.11661827564239502,0.12234557635261359,0.9448208724638889,757.1740912425438,-0.25785766116019054,0.848054005574298
291,0291_0.12717_0.02332_0.79848,0.12717,0.02332,0.79848,9.789068222045898,9.78010082244873,0.1991605907678604,9.058439254760742,11.639616966247559,2.5811777114868164,9.477449417114258,9.655387878417969,9.909574508666992,10.129862785339355,0.25418663024902344,0.6524133682250977,0.4410181481140721,0.7679272723782189,0.08153623342514038,0.14892872783997754,0.8611805037454093,833.4150145219385,0.48330644913716114,1.9403540637165895
292,0292_0.14583_0.02335_0.73168,0.14583,0.02335,0.73168,9.724831581115723,9.714911460876465,0.20843897759914398,8.968382835388184,11.772826194763184,2.804443359375,9.400190353393555,9.584808349609375,9.850325584411621,10.081416130065918,0.2655172348022461,0.6812257766723633,0.47004987041760804,0.8464834529948115,0.0846480131149292,0.11244870053522844,0.8790425904733882,730.9144981472814,-0.513136153550651,0.7387364377380584
293,0293_0.15452_0.02168_0.81328,0.15452,0.02168,0.81328,9.69469928741455,9.690016746520996,0.15191440284252167,9.091842651367188,10.844988822937012,1.7531461715698242,9.452181816101074,9.593023300170898,9.789201736450195,9.953067779541016,0.19617843627929688,0.5008859634399414,0.30167232077256506,0.43032616880477814,0.06603025645017624,0.15105770143466968,0.7484877852895065,839.8336492269653,0.5457041940207239,2.622172470201523
294,0294_0.15242_0.02241_0.69272,0.15242,0.02241,0.69272,9.676986694335938,9.665339469909668,0.2254970222711563,8.883347511291504,12.068154335021973,3.1848068237304688,9.328559875488281,9.525243759155273,9.811545372009277,10.062804460525513,0.2863016128540039,0.7342445850372314,0.5216898235204093,0.9951192640249085,0.0903630182147026,0.09849957384499555,0.9079454259807223,696.2422165475633,-0.8501972703167899,1.1592335189312264
295,0295_0.13925_0.02318_0.66077,0.13925,0.02318,0.66077,9.687335014343262,9.670125961303711,0.2783815562725067,8.788013458251953,12.811034202575684,4.0230207443237305,9.267196655273438,9.498883247375488,9.848209619522095,10.16940712928772,0.34932637214660645,0.9022104740142822,0.66596823979367,1.4281412379955514,0.10832582414150238,0.09101294509862382,0.9562189293740473,678.8917916288802,-1.0188666895079952,0.5188299215612102
296,0296_0.14598_0.02339_0.58400,0.14598,0.02339,0.584,9.626707077026367,9.604637145996094,0.31747379899024963,8.65493106842041,13.262401580810547,4.607470512390137,9.155795097351074,9.41041088104248,9.805352210998535,10.185254096984863,0.3949413299560547,1.029458999633789,0.7498785190193518,1.641026851924746,0.12176107615232468,0.15684760891703195,0.9186960758583592,857.4962042197809,0.7174079364958128,1.2907535526057188
297,0297_0.13596_0.02186_0.74052,0.13596,0.02186,0.74052,9.719253540039062,9.708147048950195,0.22033530473709106,8.934466361999512,12.014927864074707,3.0804615020751953,9.377923965454102,9.571102142333984,9.85108470916748,10.096063613891602,0.2799825668334961,0.7181396484375,0.5057317942622368,0.9496174935003872,0.08860968798398972,0.1030789464719887,0.8999122070962198,707.3022161019937,-0.7426792291250724,0.5467859835820014
298,0298_0.15184_0.02320_0.66155,0.15184,0.0232,0.66155,9.67314624786377,9.65865421295166,0.25295454263687134,8.823858261108398,12.298284530639648,3.47442626953125,9.28709602355957,9.502470970153809,9.82174301147461,10.107820749282837,0.3192720413208008,0.8207247257232666,0.6002357683690612,1.232503916964098,0.09963695704936981,0.08835703786042907,0.9420153801612988,672.9657746840179,-1.0764755285359582,0.6306630462340013
299,0299_0.14126_0.02335_0.60766,0.14126,0.02335,0.60766,9.649372100830078,9.628278732299805,0.3101167380809784,8.690254211425781,13.16125774383545,4.471003532409668,9.187859296798706,9.438349723815918,9.82476806640625,10.193326950073242,0.38641834259033203,1.0054676532745361,0.7358266993094011,1.6107188886117143,0.11923441290855408,0.13557743225694704,0.9336597259565637,794.1683359059858,0.10177605329028666,0.9718046712476098
300,0300_0.15016_0.02207_0.58448,0.15016,0.02207,0.58448,9.594950675964355,9.573446273803711,0.31287825107574463,8.631202697753906,13.16948127746582,4.538278579711914,9.129996061325073,9.381916046142578,9.771553039550781,10.144451141357422,0.3896369934082031,1.0144550800323486,0.7417800877668919,1.623502306602223,0.12022799998521805,0.16594003786835368,0.9285577872689104,885.8071875942576,0.9926286959230288,2.01091927802955
301,0301_0.12829_0.02312_0.70255,0.12829,0.02312,0.70255,9.732227325439453,9.71624755859375,0.2674752175807953,8.855425834655762,12.712450981140137,3.857025146484375,9.326445579528809,9.551419019699097,9.887900352478027,10.193565607070923,0.33648133277893066,0.8671200275421143,0.6378057836175257,1.348468460475722,0.1045345887541771,0.093978602654683,0.952791777018857,685.6528722077228,-0.953139911075593,1.4284498367457061
302,0302_0.12209_0.02202_0.66095,0.12209,0.02202,0.66095,9.691915512084961,9.67143726348877,0.3062411844730377,8.739609718322754,13.200393676757812,4.460783958435059,9.235257148742676,9.483675003051758,9.865579605102539,10.228137969970703,0.38190460205078125,0.9928808212280273,0.7274968036465923,1.5919671219623295,0.11786165833473206,0.1213994560786307,0.9398577273597969,754.608876054131,-0.28279499600690905,1.330510073637745
303,0303_0.15269_0.02333_0.69107,0.15269,0.02333,0.69107,9.693155288696289,9.681401252746582,0.22630973160266876,8.899685859680176,12.099552154541016,3.19986629486084,9.343555450439453,9.540867805480957,9.828136444091797,10.080365180969238,0.28726863861083984,0.7368097305297852,0.5237063104578682,1.0021130691634026,0.09062369167804718,0.0964123273914583,0.9092546983627577,691.3116918269507,-0.8981285887041633,0.7222469812193721
304,0304_0.12867_0.02319_0.62580,0.12867,0.02319,0.6258,9.68035888671875,9.65864372253418,0.315473735332489,8.712214469909668,13.302689552307129,4.590475082397461,9.211841583251953,9.465537071228027,9.858121871948242,10.234891891479492,0.39258480072021484,1.023050308227539,0.7452967446125175,1.6320919800467353,0.12101960182189941,0.13831042667043783,0.9231563771534371,802.0541964984803,0.17843720321558887,1.3342058395283458
305,0305_0.13735_0.02223_0.62242,0.13735,0.02223,0.62242,9.644282341003418,9.623679161071777,0.3067290782928467,8.690596580505371,13.159859657287598,4.469263076782227,9.187150001525879,9.435669898986816,9.818133354187012,10.181535005569458,0.3824634552001953,0.9943850040435791,0.729240818310006,1.5952208430770103,0.11808372288942337,0.1320946849724509,0.9391335748143317,784.2363097987045,0.005223428051516297,0.9854250319347024
306,0306_0.15341_0.02264_0.84135,0.15341,0.02264,0.84135,9.72031307220459,9.716424942016602,0.14194680750370026,9.146371841430664,10.753226280212402,1.6068544387817383,9.492770195007324,9.625319480895996,9.809222221374512,9.961017608642578,0.18390274047851562,0.4682474136352539,0.27285796355664504,0.37462493030658317,0.06271697580814362,0.1600536957224677,0.7222177479271421,867.4014950023767,0.8137006584925741,2.3500740340540807
307,0307_0.12278_0.02161_0.67764,0.12278,0.02161,0.67764,9.693310737609863,9.674144744873047,0.29577234387397766,8.760016441345215,13.115194320678711,4.355177879333496,9.250321388244629,9.49255657196045,9.8622465133667,10.208983659744263,0.36968994140625,0.9586622714996338,0.7057942629936604,1.5378244877760334,0.1142822876572609,0.10653295731076845,0.9513136543092479,715.8571638506379,-0.6595136539453469,1.0891987517468562
308,0308_0.14324_0.02174_0.69853,0.14324,0.02174,0.69853,9.681845664978027,9.668889045715332,0.238149031996727,8.862214088439941,12.228927612304688,3.366713523864746,9.315995216369629,9.52137565612793,9.822937965393066,10.089877128601074,0.3015623092651367,0.7738819122314453,0.5583910330879595,1.1059561588685787,0.09461183100938797,0.0911314943790969,0.9257444647347192,679.1591723217651,-1.0162673902756592,0.7126663387000267
309,0309_0.13179_0.02175_0.74407,0.13179,0.02175,0.74407,9.726741790771484,9.715047836303711,0.226136714220047,8.93453311920166,12.131301879882812,3.1967687606811523,9.377336502075195,9.574607849121094,9.861625671386719,10.113626480102539,0.287017822265625,0.7362899780273438,0.5228773217351504,1.000440433967979,0.09054049104452133,0.10166595550201189,0.9091310588702158,703.8546851834635,-0.7761938571758275,0.6102784903932004
310,0310_0.13838_0.02234_0.72129,0.13838,0.02234,0.72129,9.714658737182617,9.702571868896484,0.22981640696525574,8.913553237915039,12.181015968322754,3.267462730407715,9.360186576843262,9.559952735900879,9.851455688476562,10.10793685913086,0.2915029525756836,0.7477502822875977,0.5336897592494457,1.0328516536834416,0.0917828381061554,0.09645839749394121,0.9145438557426401,691.4197569228619,-0.8970780509192033,0.4059891192231398
311,0311_0.13676_0.02323_0.68801,0.13676,0.02323,0.68801,9.712396621704102,9.697135925292969,0.2608981430530548,8.845239639282227,12.51009750366211,3.664857864379883,9.315581321716309,9.536150932312012,9.864941596984863,10.161471366882324,0.32879066467285156,0.8458900451660156,0.6210575930820408,1.2972672468140773,0.10230715572834015,0.0870509143451844,0.948676661917672,670.0971842028349,-1.1043620784404249,0.7022660806399336
312,0312_0.13117_0.02276_0.84722,0.13117,0.02276,0.84722,9.780865669250488,9.774949073791504,0.1668892651796341,9.134218215942383,11.1297607421875,1.9955425262451172,9.51602840423584,9.669147491455078,9.883718490600586,10.065775871276855,0.2145709991455078,0.5497474670410156,0.34463215439751155,0.5246989461717106,0.07092846930027008,0.16446125229598846,0.7872315662285803,881.1572069129866,0.9474246421643363,1.6556412785007821
313,0313_0.13473_0.02300_0.67534,0.13473,0.023,0.67534,9.700982093811035,9.684072971343994,0.2756326198577881,8.807440757751465,12.82298469543457,4.0155439376831055,9.284430503845215,9.514456748962402,9.86056137084961,10.177833557128906,0.34610462188720703,0.8934030532836914,0.6589130836272146,1.4087589893031858,0.10736486315727234,0.08941372494398976,0.9557760383805135,675.3087054590026,-1.0536990965538038,0.7494193474983721
314,0314_0.13049_0.02288_0.67593,0.13049,0.02288,0.67593,9.705035209655762,9.687297821044922,0.28323614597320557,8.796061515808105,12.924797058105469,4.128735542297363,9.278448104858398,9.513181686401367,9.868136405944824,10.19638729095459,0.35495471954345703,0.9179391860961914,0.6771703655578067,1.4605539646587253,0.1099666953086853,0.0945859272491821,0.9563809661471774,687.0557964628607,-0.9395016042103496,1.0484128178932621
315,0315_0.12903_0.02320_0.75952,0.12903,0.0232,0.75952,9.767539978027344,9.75644302368164,0.22075913846492767,8.982381820678711,12.074613571166992,3.0922317504882812,9.425539016723633,9.619119644165039,9.899605751037598,10.145051956176758,0.2804861068725586,0.719512939453125,0.5063490078457126,0.9530872902149174,0.08871421962976456,0.12356101277181553,0.9008180570822948,760.4858443771899,-0.22566297541944452,1.6088786193384264
316,0316_0.13871_0.02163_0.79561,0.13871,0.02163,0.79561,9.727995872497559,9.720734596252441,0.18113265931606293,9.044496536254883,11.310507774353027,2.2660112380981445,9.442366600036621,9.60657024383545,9.838661193847656,10.037961959838867,0.23209095001220703,0.5955953598022461,0.3873008642208207,0.6256329874403193,0.07563567906618118,0.13337666911120208,0.8214629907513817,787.87670096113,0.040612916543750786,1.27315956718809
317,0317_0.12754_0.02229_0.77546,0.12754,0.02229,0.77546,9.760143280029297,9.749808311462402,0.2129388302564621,8.992594718933105,11.907890319824219,2.9152956008911133,9.429122924804688,9.61706256866455,9.888031005859375,10.12430477142334,0.2709684371948242,0.6951818466186523,0.4831226464168488,0.8851806675833456,0.08611712604761124,0.12381134403667059,0.8874271301424159,761.1702051307467,-0.21901007029690858,1.321387328095558
318,0318_0.13374_0.02338_0.73545,0.13374,0.02338,0.73545,9.750149726867676,9.73824405670166,0.22849097847938538,8.953031539916992,12.195527076721191,3.242495536804199,9.397439956665039,9.596389770507812,9.886269569396973,10.141054153442383,0.28987979888916016,0.7436141967773438,0.5293546400735039,1.020856206160242,0.0913102924823761,0.11008327445604726,0.9127501358824374,724.8338936481138,-0.5722477911049364,1.2267861815330259
319,0319_0.12695_0.02161_0.76966,0.12695,0.02161,0.76966,9.745511054992676,9.734670639038086,0.21804644167423248,8.96691608428955,11.99740982055664,3.03049373626709,9.407355308532715,9.598941802978516,9.876140594482422,10.11840534210205,0.27719879150390625,0.7110500335693359,0.4985340938153938,0.9295575110265175,0.08782454580068588,0.11359836043188487,0.8962284526528568,733.8979372080584,-0.48413312129455116,0.9970761592966587
320,0320_0.15002_0.02349_0.69007,0.15002,0.02349,0.69007,9.699859619140625,9.687557220458984,0.2319694459438324,8.895807266235352,12.199250221252441,3.30344295501709,9.342480659484863,9.543678283691406,9.837760925292969,10.096990585327148,0.2940826416015625,0.7545099258422852,0.5403129697855111,1.0519477857550692,0.09251799434423447,0.09335569585574581,0.9175552971930991,684.2203821797112,-0.9670656369384639,0.43386419779815844
321,0321_0.14964_0.02270_0.55561,0.14964,0.0227,0.55561,9.588950157165527,9.56523323059082,0.32815825939178467,8.5994234085083,13.383180618286133,4.783757209777832,9.104483604431152,9.364880561828613,9.77247142791748,10.168827295303345,0.4075908660888672,1.0643436908721924,0.7686115818031743,1.6757126576418342,0.12543067336082458,0.1949102497408705,0.8891779231627521,980.0258611722046,1.9085606701449198,2.0458458223145577
322,0322_0.14587_0.02249_0.67954,0.14587,0.02249,0.67954,9.68037223815918,9.666299819946289,0.24890463054180145,8.838810920715332,12.225378036499023,3.3865671157836914,9.299806356430054,9.512452125549316,9.826980590820312,10.107707023620605,0.3145284652709961,0.8079006671905518,0.5888882744757177,1.198470355137018,0.09825318306684494,0.08766914955570912,0.9380951781537988,671.4511934387398,-1.0911992912193649,0.5021882322964379
323,0323_0.14222_0.02196_0.75343,0.14222,0.02196,0.75343,9.713802337646484,9.704693794250488,0.20020921528339386,8.979122161865234,11.579302787780762,2.6001806259155273,9.4008150100708,9.579365730285645,9.834868431091309,10.05649185180664,0.25550270080566406,0.6556768417358398,0.44522531510864505,0.7768324096693475,0.08193117380142212,0.1160359673254204,0.8629747880362126,740.2832280678289,-0.42205952334337477,0.9999723042008719
324,0324_0.13158_0.02202_0.71029,0.13158,0.02202,0.71029,9.712455749511719,9.697968482971191,0.2532496154308319,8.86320686340332,12.350560188293457,3.4873533248901367,9.32593059539795,9.54157543182373,9.861199378967285,10.147597312927246,0.3196239471435547,0.8216667175292969,0.6003306346521261,1.2346041162224788,0.09970033913850784,0.08744727593412013,0.942425930321329,670.9644748120098,-1.0959308495797415,0.538156788580415
325,0325_0.13344_0.02255_0.66383,0.13344,0.02255,0.66383,9.685548782348633,9.667423248291016,0.2865705192089081,8.769652366638184,12.973671913146973,4.204019546508789,9.254640579223633,9.491394996643066,9.850250244140625,10.183358192443848,0.3588552474975586,0.9287176132202148,0.6854106996990318,1.4827471097433431,0.11113105714321136,0.09720551152494757,0.9558038908244156,693.1770402281215,-0.8799948984407081,0.6941903414339791
326,0326_0.13538_0.02305_0.78487,0.13538,0.02305,0.78487,9.760398864746094,9.752058982849121,0.19255931675434113,9.047155380249023,11.512307167053223,2.465151786804199,9.458245277404785,9.631223678588867,9.87731647491455,10.089933395385742,0.2460927963256836,0.631688117980957,0.42147274006395324,0.7145649781042365,0.07937630265951157,0.13705934712401632,0.847221284268263,798.4344420181054,0.14324833097291748,1.247815672342712
327,0327_0.14867_0.02321_0.73000,0.14867,0.02321,0.73,9.71599006652832,9.706419467926025,0.20478923618793488,8.968944549560547,11.68309497833252,2.7141504287719727,9.396474838256836,9.578426361083984,9.839506149291992,10.06639289855957,0.2610797882080078,0.6699180603027344,0.4589613411086706,0.8153124701215844,0.08344511687755585,0.1130400058919009,0.8720538866064279,732.4467010373533,-0.49824108482681706,0.8635684516719089
328,0328_0.15110_0.02226_0.80877,0.1511,0.02226,0.80877,9.713580131530762,9.708386421203613,0.15781255066394806,9.094904899597168,10.9392728805542,1.8443679809570312,9.4622220993042,9.607938766479492,9.811382293701172,9.982392311096191,0.2034435272216797,0.5201702117919922,0.3184437262782758,0.46581284432053494,0.06796859204769135,0.14801645088987217,0.763902464548243,830.6774954197875,0.4566940889702682,2.0708643180995296
329,0329_0.13316_0.02258_0.81618,0.13316,0.02258,0.81618,9.765432357788086,9.758401870727539,0.1789531260728836,9.08890151977539,11.31480598449707,2.2259044647216797,9.482952117919922,9.645503044128418,9.874917030334473,10.071560144424438,0.2294139862060547,0.5886080265045166,0.38045015290639544,0.6095837713694481,0.07489949464797974,0.14873569700691194,0.816509198260892,832.8351379229188,0.47766927024283296,1.3764098336898911
330,0330_0.12759_0.02285_0.59094,0.12759,0.02285,0.59094,9.655122756958008,9.630874633789062,0.3325284719467163,8.659793853759766,13.55495548248291,4.8951616287231445,9.16489028930664,9.427886962890625,9.84061050415039,10.24372410774231,0.4127235412597656,1.078833818435669,0.7743380179908694,1.6839200897215187,0.12684309482574463,0.17819151834966945,0.8743579195779997,924.9616359770146,1.3732624901052242,1.3931007250239338
331,0331_0.15070_0.02291_0.63466,0.1507,0.02291,0.63466,9.647470474243164,9.630181312561035,0.2788306772708893,8.746977806091309,12.778580665588379,4.03160285949707,9.226844787597656,9.458651542663574,9.808533668518066,10.130475044250488,0.3498821258544922,0.903630256652832,0.6676071149673691,1.4318590234026347,0.10851559787988663,0.10250454560110218,0.9561835275990949,705.8970425400125,-0.7563394022720132,0.9739054800850112
332,0332_0.14571_0.02176_0.61869,0.14571,0.02176,0.61869,9.61943244934082,9.599853515625,0.29799705743789673,8.681611061096191,13.048158645629883,4.366547584533691,9.173686981201172,9.41702651977539,9.789340019226074,10.13955307006836,0.3723134994506836,0.9658660888671875,0.7117137336984077,1.55175221551164,0.11511865258216858,0.1326978877901042,0.9494129096341223,785.9469182763472,0.02185283855528219,1.5177109045776844
333,0333_0.12203_0.02301_0.55989,0.12203,0.02301,0.55989,9.653158187866211,9.62602424621582,0.34938180446624756,8.63619613647461,13.694576263427734,5.058380126953125,9.14173698425293,9.413451194763184,9.846510887145996,10.275616645812988,0.4330596923828125,1.1338796615600586,0.7974685094238618,1.7058346482419866,0.13253943622112274,0.2182015073533948,0.8055647817325029,1059.3656321255216,2.679849739327842,1.7548063797956313
334,0334_0.12091_0.02313_0.79990,0.12091,0.02313,0.7999,9.800765037536621,9.790665626525879,0.210713729262352,9.039925575256348,11.90492057800293,2.864995002746582,9.472784042358398,9.659225463867188,9.927475929260254,10.161087989807129,0.2682504653930664,0.6883039474487305,0.47565194388513254,0.8656365501619105,0.08534488826990128,0.15040818760552835,0.8835976591643112,837.8710041866926,0.526624649826689,2.4041464201820757
335,0335_0.14838_0.02199_0.70230,0.14838,0.02199,0.7023,9.68055248260498,9.668904304504395,0.2253316342830658,8.887232780456543,12.068796157836914,3.181563377380371,9.332344055175781,9.528961181640625,9.815027236938477,10.066096305847168,0.28606605529785156,0.7337522506713867,0.521115139271804,0.9936580387124936,0.09030618518590927,0.09802236934078018,0.9076989538472445,695.1087521077511,-0.8612160660888257,1.067183858548061
336,0336_0.15233_0.02311_0.58744,0.15233,0.02311,0.58744,9.613597869873047,9.592626571655273,0.30887654423713684,8.65656852722168,13.154977798461914,4.498409271240234,9.153736114501953,9.403446197509766,9.788406372070312,10.155142784118652,0.3849601745605469,1.0014066696166992,0.7339501126882336,1.6059463097924507,0.11884896457195282,0.149519380682098,0.9357581847255997,835.1915681343337,0.5005769348669991,1.5784486723267332
337,0337_0.13819_0.02227_0.74504,0.13819,0.02227,0.74504,9.724940299987793,9.714594841003418,0.21290887892246246,8.95683479309082,11.869170188903809,2.9123353958129883,9.394013404846191,9.581878662109375,9.852805137634277,10.089123964309692,0.27092647552490234,0.695110559463501,0.483476536533659,0.8849594191762975,0.08613245189189911,0.10940192680903937,0.8872181142488277,723.0970684334991,-0.5891320634820496,0.6718939516776465
338,0338_0.13909_0.02223_0.63065,0.13909,0.02223,0.63065,9.64708137512207,9.627364158630371,0.2996155917644501,8.706354141235352,13.100655555725098,4.394301414489746,9.199193000793457,9.443585395812988,9.817748069763184,10.170413970947266,0.3741626739501953,0.9712209701538086,0.7147689816849376,1.5597559146917988,0.1156473383307457,0.121215320664881,0.9479207578498036,754.1109289270777,-0.28763571046212505,0.9083174569031549
339,0339_0.14360_0.02326_0.64235,0.1436,0.02326,0.64235,9.669013023376465,9.651058197021484,0.28476980328559875,8.756782531738281,12.920372009277344,4.1635894775390625,9.240492820739746,9.476092100143433,9.832871675491333,10.16334342956543,0.3567795753479004,0.9228506088256836,0.6814288045832153,1.4715480652381796,0.11053197085857391,0.09863804901263197,0.9561175840617828,696.5718142029083,-0.8469931386972839,0.5438679074260911
340,0340_0.14294_0.02311_0.63624,0.14294,0.02311,0.63624,9.662513732910156,9.643943786621094,0.2901827096939087,8.739838600158691,12.988301277160645,4.248462677001953,9.226929664611816,9.465763092041016,9.82886791229248,10.167323112487793,0.36310482025146484,0.9403934478759766,0.6939265722768792,1.5055690775979755,0.11239682883024216,0.10526146237846486,0.9545467330718461,712.6871121345196,-0.6903308116962216,0.6528553360173018
341,0341_0.14289_0.02165_0.77010,0.14289,0.02165,0.7701,9.711604118347168,9.703619003295898,0.18893016874790192,9.007701873779297,11.411532402038574,2.4038305282592773,9.414731979370117,9.584895133972168,9.826553344726562,10.035055160522461,0.24165821075439453,0.6203231811523438,0.41134217893947134,0.6858140884889039,0.07820944488048553,0.12426405168150041,0.8391011770141266,762.4097567352046,-0.20695996488673446,1.3149010319742145
342,0342_0.12042_0.02292_0.56991,0.12042,0.02292,0.56991,9.66064453125,9.633927345275879,0.34710991382598877,8.64678955078125,13.619545936584473,4.972756385803223,9.152058362960815,9.42264461517334,9.852900743484497,10.278423309326172,0.4302561283111572,1.1263649463653564,0.7944085694276043,1.7038980025531307,0.13176532089710236,0.21142043025445253,0.8157256703854152,1035.9848276809587,2.4525569367382607,1.7997641292294506
343,0343_0.13801_0.02240_0.64803,0.13801,0.0224,0.64803,9.664619445800781,9.646093368530273,0.28979530930519104,8.742792129516602,12.986302375793457,4.2435102462768555,9.229516983032227,9.468195915222168,9.830801963806152,10.168716430664062,0.3626060485839844,0.9391994476318359,0.692999799102005,1.5033621128039805,0.11225952208042145,0.10425773490160194,0.9547182137392273,710.2016890558824,-0.7144924601332424,0.631940652363539
344,0344_0.13472_0.02154_0.60980,0.13472,0.02154,0.6098,9.626986503601074,9.605059623718262,0.31651511788368225,8.6568021774292,13.246644020080566,4.589841842651367,9.157330513000488,9.411362648010254,9.805234909057617,10.183663606643677,0.3938722610473633,1.0263330936431885,0.7482493642213347,1.6374936086848582,0.12144128233194351,0.15504688966606964,0.9208833653656057,851.9713104665994,0.6636985533072328,1.2836249554605141
345,0345_0.12076_0.02301_0.65024,0.12076,0.02301,0.65024,9.707173347473145,9.68577766418457,0.3133659362792969,8.742623329162598,13.309270858764648,4.566647529602051,9.241266250610352,9.493878364562988,9.883970260620117,10.25747013092041,0.3900918960571289,1.0162038803100586,0.7408639137312153,1.6228251086114156,0.12027330696582794,0.13424085684874792,0.9275453256738714,790.3409531172347,0.0645687551966287,1.8772245028072554
346,0346_0.13733_0.02198_0.63353,0.13733,0.02198,0.63353,9.646965026855469,9.627151489257812,0.30027252435684204,8.705246925354004,13.104374885559082,4.399127960205078,9.19822883605957,9.442947387695312,9.817928552627563,10.171514511108398,0.374981164932251,0.9732856750488281,0.7160380083190635,1.5630382229919357,0.11587472259998322,0.12209837590930679,0.9472572622926185,756.502770778452,-0.26438379716551685,0.9127867912691661
347,0347_0.14448_0.02262_0.61672,0.14448,0.02262,0.61672,9.636649131774902,9.616744995117188,0.30091047286987305,8.693548202514648,13.087968826293945,4.394420623779297,9.18707275390625,9.432219505310059,9.807868003845215,10.1625337600708,0.37564849853515625,0.9754610061645508,0.7175324393385829,1.5667212815567826,0.11610495299100876,0.12727823970299793,0.9465687728588189,770.7260852914819,-0.12611408854856596,1.097184905268236
348,0348_0.12646_0.02245_0.80381,0.12646,0.02245,0.80381,9.775983810424805,9.76721477508545,0.1973300278186798,9.05007553100586,11.589425086975098,2.5393495559692383,9.466987609863281,9.643580436706543,9.895517349243164,10.113687515258789,0.2519369125366211,0.6466999053955078,0.43576517515572594,0.7531435194654543,0.08094033598899841,0.1421535327085476,0.8573591128556752,813.2751441022807,0.2875198754831686,1.593773588045085
349,0349_0.14489_0.02227_0.62458,0.14489,0.02227,0.62458,9.6349458694458,9.615741729736328,0.29531413316726685,8.702499389648438,13.032682418823242,4.330183029174805,9.192727088928223,9.434486389160156,9.80366039276123,10.149771928787231,0.3691740036010742,0.9570448398590088,0.7057455776515362,1.5365718236236718,0.11418770998716354,0.12161521095032927,0.9515779349860871,755.192860966374,-0.2771178787935779,1.1548843049579813
350,0350_0.13424_0.02340_0.61713,0.13424,0.0234,0.61713,9.66861343383789,9.64714241027832,0.3132609724998474,8.704370498657227,13.268864631652832,4.5644941329956055,9.202969551086426,9.455330848693848,9.845381736755371,10.218774795532227,0.39005088806152344,1.0158052444458008,0.741412186166677,1.6236389530662168,0.12028218805789948,0.1359438932699444,0.9277684374521546,795.2211069072172,0.11201040052681031,1.097914358816332
351,0351_0.15096_0.02218_0.66508,0.15096,0.02218,0.66508,9.657336235046387,9.642973899841309,0.25150835514068604,8.811405181884766,12.24307918548584,3.431674003601074,9.27324390411377,9.487625122070312,9.805216789245605,10.089393854141235,0.31759166717529297,0.8161499500274658,0.5964242549575758,1.2206320677549538,0.09915725886821747,0.09371344498143433,0.9405950017249365,685.0422958920101,-0.9590755324235333,1.1275030367614232
352,0352_0.14758_0.02315_0.84741,0.14758,0.02315,0.84741,9.745403289794922,9.741236686706543,0.14584346115589142,9.160264015197754,10.81817626953125,1.657912254333496,9.511972427368164,9.647823333740234,9.836529731750488,9.993017196655273,0.1887063980102539,0.4810447692871094,0.2840558703979919,0.3960433040812199,0.06400203704833984,0.1634026107618793,0.7326568028828592,877.8389706373863,0.9151669315913802,1.890149722728369
353,0353_0.13919_0.02339_0.68390,0.13919,0.02339,0.6839,9.709236145019531,9.694136619567871,0.2591712474822998,8.846125602722168,12.475872039794922,3.629746437072754,9.314730644226074,9.534205436706543,9.860902786254883,10.155133247375488,0.32669734954833984,0.8404026031494141,0.6164414031743876,1.283472805971348,0.10172151029109955,0.08642385173855498,0.9473886642014261,668.7308594617701,-1.1176445889023912,0.5711126488464705
354,0354_0.12008_0.02204_0.69231,0.12008,0.02204,0.69231,9.716395378112793,9.697741508483887,0.2913358211517334,8.791614532470703,13.081679344177246,4.290064811706543,9.279167175292969,9.518877983093262,9.88330364227295,10.223382949829102,0.3644256591796875,0.9442157745361328,0.6956478622850625,1.5114815172008331,0.11273182928562164,0.10373690241073888,0.9541145350372773,708.9179914496729,-0.7269717239363643,1.5545200769368355
355,0355_0.13669_0.02259_0.81790,0.13669,0.02259,0.8179,9.757166862487793,9.750710487365723,0.1726781725883484,9.091623306274414,11.202631950378418,2.111008644104004,9.483847618103027,9.641485214233398,9.863214492797852,10.05232048034668,0.22172927856445312,0.5684728622436523,0.3618395331992313,0.5644686154736491,0.0728415697813034,0.14936281904042867,0.8014270801573496,834.7203522033454,0.495996083518059,1.356732617322925
356,0356_0.14099_0.02315_0.60016,0.14099,0.02315,0.60016,9.641246795654297,9.619641304016113,0.3143627345561981,8.674358367919922,13.245551109313965,4.571192741394043,9.174280166625977,9.427201271057129,9.818512916564941,10.193613052368164,0.3913116455078125,1.0193328857421875,0.743999674947032,1.6287473208167178,0.12068775296211243,0.1455785394237304,0.9255450670728521,823.4006852766198,0.38595372692350793,1.0804831024599728
357,0357_0.15194_0.02168_0.76992,0.15194,0.02168,0.76992,9.691948890686035,9.68519401550293,0.17578314244747162,9.021197319030762,11.186111450195312,2.164914131164551,9.414168119430542,9.574142456054688,9.799680709838867,9.992644309997559,0.2255382537841797,0.5784761905670166,0.3718012602449081,0.5862820433678761,0.07389286160469055,0.13331727717933378,0.808687715041551,787.707645512188,0.03896947066171642,2.064322651389897
358,0358_0.13108_0.02345_0.78107,0.13108,0.02345,0.78107,9.77646541595459,9.767168045043945,0.20249348878860474,9.036507606506348,11.6993989944458,2.662891387939453,9.460103034973145,9.640504837036133,9.898764610290527,10.122949838638306,0.25825977325439453,0.6628468036651611,0.4512130766751629,0.7957071889975107,0.08264657855033875,0.1392392038569476,0.8678157761696678,804.7520629231226,0.2046640861324369,1.6455862079887276
359,0359_0.12912_0.02242_0.69419,0.12912,0.02242,0.69419,9.711499214172363,9.694981575012207,0.2723580300807953,8.824944496154785,12.799186706542969,3.9742422103881836,9.299251556396484,9.527299880981445,9.869540214538574,10.18210244178772,0.3422403335571289,0.8828508853912354,0.6507167148796907,1.3853167638888335,0.10622763633728027,0.08931350349560191,0.9548512026456731,675.0856456258806,-1.0558675375386153,0.9492898061294074
360,0360_0.13380_0.02273_0.69669,0.1338,0.02273,0.69669,9.713310241699219,9.698135375976562,0.25992125272750854,8.848740577697754,12.493725776672363,3.6449851989746094,9.317781448364258,9.537760734558105,9.865377426147461,10.160558700561523,0.32761669158935547,0.8427772521972656,0.6183256530300868,1.2890653876094058,0.10197634249925613,0.08721456471809363,0.9479566075194804,670.4549334182115,-1.1008842758703739,0.7067268274119077
361,0361_0.14247_0.02231_0.64085,0.14247,0.02231,0.64085,9.65131664276123,9.63300895690918,0.28766486048698425,8.733635902404785,12.941619873046875,4.20798397064209,9.219010353088379,9.456324577331543,9.816496849060059,10.151282548904419,0.3601722717285156,0.93227219581604,0.6883250320249112,1.4901644115790162,0.11154244840145111,0.10695768301635203,0.9554362413466289,716.9214039762928,-0.6491678114247469,0.8213480722584147
362,0362_0.14689_0.02176_0.77766,0.14689,0.02176,0.77766,9.706884384155273,9.699854850769043,0.17865963280200958,9.030637741088867,11.248751640319824,2.218113899230957,9.424888610839844,9.587132453918457,9.816208839416504,10.01255989074707,0.22907638549804688,0.5876712799072266,0.380235745180061,0.6072117880214898,0.07483268529176712,0.1316372997528274,0.8155825728257812,782.9419415032502,-0.00735956917402723,1.6656645132321668
363,0363_0.12144_0.02290_0.76581,0.12144,0.0229,0.76581,9.780024528503418,9.767706871032715,0.23279613256454468,8.97549057006836,12.284507751464844,3.3090171813964844,9.421341896057129,9.623312950134277,9.918376922607422,10.178466796875,0.29506397247314453,0.7571249008178711,0.5415332644611919,1.0586387714928822,0.0927250012755394,0.12600447309499085,0.9190588965199155,767.1983958066528,-0.1604079654583087,2.153827485590823
364,0364_0.12036_0.02209_0.59625,0.12036,0.02209,0.59625,9.658994674682617,9.63397216796875,0.33736348152160645,8.656858444213867,13.583641052246094,4.926782608032227,9.162598371505737,9.428250312805176,9.84669303894043,10.257337808609009,0.4184427261352539,1.0947394371032715,0.7814237146416642,1.692804685609631,0.1284753978252411,0.18849443501639992,0.8563941877373383,958.6892079960038,1.7011397616898933,1.5446230941888075
365,0365_0.13806_0.02305_0.69842,0.13806,0.02305,0.69842,9.71491813659668,9.700873374938965,0.2489577978849411,8.870938301086426,12.254591941833496,3.3836536407470703,9.33420181274414,9.547009468078613,9.861553192138672,10.142278671264648,0.3145437240600586,0.8080768585205078,0.5885549719182849,1.1986216809892198,0.09824078530073166,0.08879218237414012,0.9382779395287608,673.9282076529278,-1.0671193882317693,0.5290688668845023
366,0366_0.13170_0.02329_0.57351,0.1317,0.02329,0.57351,9.64480972290039,9.620003700256348,0.33597949147224426,8.644353866577148,13.571106910705566,4.926753044128418,9.150257110595703,9.415043830871582,9.831876754760742,10.24041748046875,0.41683292388916016,1.0901603698730469,0.7796652280347716,1.6910728843688272,0.12802162766456604,0.18850930329800114,0.8617158184683046,958.738369218444,1.7016176747597214,1.396433474960498
367,0367_0.12434_0.02152_0.69343,0.12434,0.02152,0.69343,9.700100898742676,9.682409286499023,0.28253936767578125,8.792768478393555,12.89976978302002,4.107001304626465,9.274428367614746,9.50873351097107,9.862890243530273,10.190073251724243,0.3541567325592041,0.9156448841094971,0.6755619150309834,1.4561357858920685,0.10973448306322098,0.0936504573776237,0.9564138601011819,684.8974272532137,-0.9604838500456856,0.9052291897962275
368,0368_0.14039_0.02215_0.63720,0.14039,0.02215,0.6372,9.648316383361816,9.629347801208496,0.2934911251068115,8.71863842010498,13.027793884277344,4.309155464172363,9.208426475524902,9.449215650558472,9.816200256347656,10.159520387649536,0.36698460578918457,0.9510939121246338,0.7015362467416092,1.5255264254964729,0.11354905366897583,0.11368249487385942,0.9528074215331814,734.1169838258508,-0.4820036941495676,0.8745044577304326
369,0369_0.12961_0.02220_0.64395,0.12961,0.0222,0.64395,9.671018600463867,9.650652885437012,0.3049420416355133,8.720907211303711,13.165903091430664,4.444995880126953,9.216093063354492,9.463703155517578,9.8440523147583,10.204677820205688,0.38034915924072266,0.9885847568511963,0.725146733246207,1.5861278532444043,0.11744162440299988,0.12161639744736685,0.9416872365000879,755.1960693479626,-0.2770866890180175,0.9334289928157138
370,0370_0.13447_0.02297_0.62518,0.13447,0.02297,0.62518,9.665242195129395,9.64437198638916,0.3088057041168213,8.708660125732422,13.208151817321777,4.4994916915893555,9.205347061157227,9.455137252807617,9.840032577514648,10.20662522315979,0.38489532470703125,1.0012781620025635,0.7329433014350029,1.604289538967162,0.11877115815877914,0.1289677665058763,0.9358763177137356,775.4347696015392,-0.08033935672186082,0.9647831244097677
371,0371_0.12293_0.02159_0.59562,0.12293,0.02159,0.59562,9.642931938171387,9.618252754211426,0.33518579602241516,8.642744064331055,13.565118789672852,4.922374725341797,9.149404525756836,9.413753509521484,9.829662322998047,10.236929178237915,0.4159088134765625,1.087524652481079,0.778580732210253,1.6897357174213399,0.12775561213493347,0.1872135534826853,0.8647064994689553,954.4592014681424,1.6600184204216966,1.3752761153308986
372,0372_0.12696_0.02346_0.81186,0.12696,0.02346,0.81186,9.79634952545166,9.788117408752441,0.19176959991455078,9.086159706115723,11.538623809814453,2.4524641036987305,9.495287895202637,9.66771411895752,9.912860870361328,10.124529838562012,0.2451467514038086,0.629241943359375,0.41879269020279647,0.7082199802562634,0.07909367978572845,0.15794847702561188,0.8456797502489313,860.8875752803797,0.750376615345695,2.0584140114621197
373,0373_0.14123_0.02224_0.81957,0.14123,0.02224,0.81957,9.739362716674805,9.733537673950195,0.1654428243637085,9.095450401306152,11.060861587524414,1.9654111862182617,9.476675033569336,9.628593444824219,9.841398239135742,10.021759033203125,0.21280479431152344,0.5450839996337891,0.3406607587875007,0.5150218306331804,0.07047112286090851,0.14805987008226545,0.7834392682563667,830.8076062547705,0.4579589409303733,1.5140830933676663
374,0374_0.13716_0.02281_0.79802,0.13716,0.02281,0.79802,9.755401611328125,9.74804401397705,0.1822427660226822,9.069952964782715,11.35648250579834,2.286529541015625,9.468130111694336,9.633252143859863,9.866698265075684,10.067262887954712,0.2334461212158203,0.599132776260376,0.3904268195608765,0.6340296849623974,0.07598340511322021,0.14192503411267485,0.8241562016324759,812.6037655432244,0.280993174716808,1.237042332483283
375,0375_0.14191_0.02196_0.71285,0.14191,0.02196,0.71285,9.696555137634277,9.684504508972168,0.22936879098415375,8.899701118469238,12.155463218688965,3.2557621002197266,9.34276294708252,9.542176246643066,9.833131790161133,10.089044570922852,0.2909555435180664,0.746281623840332,0.5329005668414348,1.0290864491908378,0.09164800494909286,0.09465728102208033,0.9138093242085852,687.2210239272348,-0.9378953714765101,0.5661410941533226
376,0376_0.12781_0.02248_0.71692,0.12781,0.02248,0.71692,9.731406211853027,9.716595649719238,0.2564140856266022,8.875276565551758,12.444360733032227,3.5690841674804688,9.340572118759155,9.558330535888672,9.881722450256348,10.172223091125488,0.3233919143676758,0.831650972366333,0.6086944179240775,1.2605437601203802,0.10075726360082626,0.09283440290193866,0.9452749708878609,683.0266098928535,-0.9786707059332895,1.1635308353465807
377,0377_0.12829_0.02292_0.62511,0.12829,0.02292,0.62511,9.675531387329102,9.65374755859375,0.31628432869911194,8.705916404724121,13.31673812866211,4.610821723937988,9.206024885177612,9.460101127624512,9.853658676147461,10.231667518615723,0.3935575485229492,1.0256426334381104,0.7469291114288159,1.6353594558879623,0.12130594998598099,0.14042276793490807,0.921373542111969,808.2029731364584,0.23821156546463298,1.2702200336686866
378,0378_0.13270_0.02304_0.68424,0.1327,0.02304,0.68424,9.711100578308105,9.694554328918457,0.2727515697479248,8.823464393615723,12.803065299987793,3.9796009063720703,9.298346519470215,9.526570081710815,9.86931324005127,10.18242073059082,0.3427431583404541,0.8840742111206055,0.651634491686346,1.388075143055131,0.1063663512468338,0.08939763975190139,0.9549798812056559,675.2728911941673,-1.054047259280471,0.9478745872217373
379,0379_0.12993_0.02264_0.58176,0.12993,0.02264,0.58176,9.640913009643555,9.616390228271484,0.33417263627052307,8.643159866333008,13.56146240234375,4.918302536010742,9.148676633834839,9.412476539611816,9.82716178894043,10.232836723327637,0.4146852493286133,1.0841600894927979,0.7771618161718374,1.6880396525078698,0.1274127960205078,0.1855052578205568,0.8684560453668675,948.833586202076,1.6053298889322551,1.3537486839171626
380,0380_0.13914_0.02297_0.79427,0.13914,0.02297,0.79427,9.752724647521973,9.745473861694336,0.18118654191493988,9.070375442504883,11.336910247802734,2.2665348052978516,9.467000961303711,9.631279945373535,9.863431930541992,10.06274700164795,0.23215198516845703,0.5957460403442383,0.3872988392016424,0.6263206325443891,0.07563945651054382,0.14154658401249642,0.8217001638099459,811.4929676351675,0.2701947280580738,1.2263848565730582
381,0381_0.12921_0.02267_0.64372,0.12921,0.02267,0.64372,9.68072509765625,9.660325050354004,0.30555295944213867,8.729331016540527,13.18241024017334,4.4530792236328125,9.225032567977905,9.473007202148438,9.854074478149414,10.21567153930664,0.38106727600097656,0.9906389713287354,0.7265224374440837,1.58895798162313,0.11764484643936157,0.12106501739278448,0.9408436993417488,753.7047950976329,-0.29158387642620986,1.089006451729767
382,0382_0.14135_0.02156_0.58674,0.14135,0.02156,0.58674,9.600913047790527,9.578322410583496,0.32091328501701355,8.623184204101562,13.26235294342041,4.639168739318848,9.125652313232422,9.382101058959961,9.781152725219727,10.166380167007446,0.3990516662597656,1.0407278537750244,0.7562472392483864,1.6538396022374542,0.12295683473348618,0.17540346915807448,0.9102109874307515,915.9562375865136,1.2857179300595727,1.8071225550603682
383,0383_0.14068_0.02274_0.79623,0.14068,0.02274,0.79623,9.745162963867188,9.73823356628418,0.17781373858451843,9.069093704223633,11.275345802307129,2.206252098083496,9.46436882019043,9.62600326538086,9.85401439666748,10.049356460571289,0.2280111312866211,0.5849876403808594,0.3775115451087121,0.6011738865049332,0.07453584671020508,0.1410656447672201,0.8137257809745101,810.0834381887829,0.2564922098679527,1.2482128419843903
384,0384_0.13322_0.02219_0.63583,0.13322,0.02219,0.63583,9.659308433532715,9.63898754119873,0.3045743703842163,8.710196495056152,13.14660358428955,4.436407089233398,9.204880714416504,9.452279090881348,9.832208633422852,10.192321062088013,0.3799295425415039,0.9874403476715088,0.7247284887645885,1.5847284746996975,0.11732872575521469,0.1238676929753034,0.942178215629539,761.3243580525824,-0.2175114969815855,0.8607522421553744
385,0385_0.12451_0.02246_0.83501,0.12451,0.02246,0.83501,9.790059089660645,9.782605171203613,0.18356657028198242,9.102397918701172,11.412978172302246,2.310580253601074,9.500828742980957,9.667030096054077,9.902081489562988,10.104198455810547,0.23505139350891113,0.6033697128295898,0.3940770694490505,0.6442851460039489,0.0764005035161972,0.15902150630539644,0.8273516706591943,864.2030758227588,0.782607730919645,1.8444293904147506
386,0386_0.12697_0.02314_0.72878,0.12697,0.02314,0.72878,9.753327369689941,9.73937702178955,0.24853946268558502,8.910284042358398,12.288976669311523,3.378692626953125,9.373089790344238,9.585740089416504,9.899740219116211,10.179855346679688,0.31400012969970703,0.8067655563354492,0.5866680518030852,1.194525929946277,0.09806101024150848,0.10451976813763611,0.9380071515701194,710.8490792331796,-0.7081989586365022,1.6545321603900467
387,0387_0.14283_0.02330_0.58367,0.14283,0.0233,0.58367,9.630205154418945,9.607643127441406,0.3208361268043518,8.652816772460938,13.296486854553223,4.643670082092285,9.155000686645508,9.411498069763184,9.810393333435059,10.195454835891724,0.398895263671875,1.0404541492462158,0.7557909501593704,1.6531610343417578,0.122901052236557,0.1615355645647055,0.9103897366261811,872.0087254050358,0.8584891221606761,1.2549268737210388
388,0388_0.14711_0.02288_0.55334,0.14711,0.02288,0.55334,9.59536361694336,9.571176528930664,0.3313947916030884,8.600438117980957,13.468012809753418,4.867574691772461,9.106796264648438,9.368919372558594,9.7803316116333,10.181743621826172,0.41141223907470703,1.0749473571777344,0.7737791538794938,1.6838012310011408,0.126517653465271,0.19779505448745105,0.8783989631062621,989.697696314776,2.002583889959782,1.888137470353074
389,0389_0.14093_0.02295_0.73437,0.14093,0.02295,0.73437,9.728004455566406,9.717425346374512,0.21528613567352295,8.953914642333984,11.922257423400879,2.9683427810668945,9.393736839294434,9.583303451538086,9.857132911682129,10.096146583557129,0.27382946014404297,0.7024097442626953,0.4905967194855323,0.9056742071602382,0.08692102134227753,0.10871585052039212,0.8914141739026791,721.3548901751158,-0.6060683746298323,0.6688385774396339
390,0390_0.14993_0.02312_0.64796,0.14993,0.02312,0.64796,9.662938117980957,9.646711349487305,0.2691628932952881,8.782781600952148,12.687541007995605,3.904759407043457,9.255084753036499,9.48093032836914,9.819439888000488,10.127553224563599,0.33850955963134766,0.8724684715270996,0.643380612250577,1.3624938616991447,0.105186328291893,0.09228272740760532,0.9533893085618467,681.7682785130849,-0.9909033759670415,0.6663022984331133
391,0391_0.12404_0.02250_0.59370,0.12404,0.0225,0.5937,9.657474517822266,9.63286018371582,0.3348258137702942,8.658635139465332,13.579976081848145,4.9213409423828125,9.16433334350586,9.428566932678223,9.844003677368164,10.250788688659668,0.4154367446899414,1.0864553451538086,0.7778264538740335,1.688594516869399,0.12761911749839783,0.18291881775498606,0.8660231989908592,940.351423148808,1.5228718786884103,1.4682367710307769
392,0392_0.14671_0.02339_0.59254,0.14671,0.02339,0.59254,9.631175994873047,9.60980224609375,0.3121587634086609,8.668862342834473,13.197091102600098,4.528228759765625,9.16709303855896,9.418680191040039,9.807449340820312,10.179140329360962,0.38876914978027344,1.012047290802002,0.7399553176011316,1.6198246094546889,0.11994650959968567,0.14591394021949294,0.9299324424401308,824.398422474625,0.39565307172236563,1.2030748968138019
393,0393_0.13845_0.02213_0.59749,0.13845,0.02213,0.59749,9.624199867248535,9.601971626281738,0.31862154603004456,8.650107383728027,13.27566146850586,4.625554084777832,9.151864051818848,9.407079696655273,9.80339527130127,10.184980392456055,0.3963155746459961,1.033116340637207,0.7519256271895457,1.6451629011985265,0.12216000258922577,0.15998366334776254,0.9159628493049627,867.184210175946,0.8115883583244284,1.3353743413253751
394,0394_0.15414_0.02162_0.80911,0.15414,0.02162,0.80911,9.693731307983398,9.6888427734375,0.15412451326847076,9.085293769836426,10.872672080993652,1.7873783111572266,9.447880744934082,9.59054183959961,9.789451599121094,9.956006050109863,0.19890975952148438,0.5081253051757812,0.3076934339866986,0.44325538475900395,0.06676045060157776,0.14947948550617848,0.7542624553142998,835.0714739363673,0.49940945806374126,2.586731705343232
395,0395_0.14036_0.02163_0.69337,0.14036,0.02163,0.69337,9.680597305297852,9.66657543182373,0.24837064743041992,8.837653160095215,12.227978706359863,3.3903255462646484,9.300751686096191,9.513053894042969,9.826931238174438,10.106947898864746,0.3138773441314697,0.8061962127685547,0.5873327587481604,1.193908300880934,0.09807237982749939,0.0877625066387071,0.9375495240151184,671.6562530646406,-1.0892058364099084,0.5074021988926859
396,0396_0.13331_0.02339_0.61776,0.13331,0.02339,0.61776,9.670507431030273,9.648970603942871,0.31401193141937256,8.704675674438477,13.271041870117188,4.566366195678711,9.20390510559082,9.456718444824219,9.84762954711914,10.222096681594849,0.3909111022949219,1.0181915760040283,0.7428764634983535,1.6265380471512598,0.12053392827510834,0.13695061959325436,0.9262593988463739,798.1206378521675,0.14019773326959964,1.1395057860206326
397,0397_0.14771_0.02230_0.67900,0.14771,0.0223,0.679,9.67380428314209,9.660056114196777,0.2456749677658081,8.836451530456543,12.230437278747559,3.3939857482910156,9.297677040100098,9.50814151763916,9.818778991699219,10.09532356262207,0.3106374740600586,0.7976465225219727,0.579945595040886,1.1711186022281046,0.0971619039773941,0.08984789469477784,0.9346431207069253,676.2770588599059,-1.0442854017038112,0.7661276801309964
398,0398_0.12939_0.02166_0.79363,0.12939,0.02166,0.79363,9.75014591217041,9.741268157958984,0.19794979691505432,9.021814346313477,11.571374893188477,2.549560546875,9.44030475616455,9.617271423339844,9.86998176574707,10.088902473449707,0.25271034240722656,0.6485977172851562,0.43787421918101943,0.7580904494246705,0.08116050809621811,0.12870827444726737,0.8585240561371877,774.709395109371,-0.08739097043527326,1.0644867542847452
399,0399_0.13046_0.02263_0.81287,0.13046,0.02263,0.81287,9.77228832244873,9.764688491821289,0.18511542677879333,9.079797744750977,11.418292999267578,2.3384952545166016,9.480849266052246,9.648222923278809,9.885190963745117,10.089142799377441,0.2369680404663086,0.6082935333251953,0.39905474259901824,0.6560952219523424,0.07692057639360428,0.1480257737979566,0.8308060051596421,830.7054431028457,0.4569657779629734,1.4707525446233405
400,0400_0.14733_0.02182_0.80522,0.14733,0.02182,0.80522,9.713289260864258,9.707549095153809,0.1641196757555008,9.073873519897461,11.018304824829102,1.9444313049316406,9.45257568359375,9.603387832641602,9.81458568572998,9.993364334106445,0.2111978530883789,0.5407886505126953,0.33686960529194626,0.5060379385169007,0.07004822045564651,0.14335865792347197,0.7800084756777603,816.8246967825193,0.32202629199863597,1.9149581013602222
401,0401_0.12910_0.02279_0.59881,0.1291,0.02279,0.59881,9.65551471710205,9.632009506225586,0.327656090259552,8.667391777038574,13.42431640625,4.756924629211426,9.171449422836304,9.431859970092773,9.838769912719727,10.234359741210938,0.4069099426269531,1.0629103183746338,0.766783404055886,1.6729255314761655,0.1251915991306305,0.16737581756446784,0.8906690871823794,890.3382052683706,1.036676269571487,1.2908403873035168
402,0402_0.12312_0.02199_0.59007,0.12312,0.02199,0.59007,9.647403717041016,9.622394561767578,0.33719602227211,8.645297050476074,13.57438850402832,4.929091453552246,9.1513032913208,9.416751861572266,9.835023880004883,10.245413780212402,0.4182720184326172,1.0941104888916016,0.781398181174705,1.6928878107670036,0.1284365952014923,0.1906222012238161,0.8570730504206041,965.7381929741277,1.7696653573291925,1.4336657384745406
403,0403_0.14537_0.02291_0.61671,0.14537,0.02291,0.61671,9.640888214111328,9.621175765991211,0.2997131049633026,8.699956893920898,13.088922500610352,4.388965606689453,9.192878723144531,9.437247276306152,9.811579704284668,10.164329528808594,0.3743324279785156,0.9714508056640625,0.7149062675528508,1.560177782878399,0.11568726599216461,0.12389495344427116,0.9478269720511401,761.3989466151995,-0.21678639603484212,1.0150035152735337
404,0404_0.12448_0.02176_0.77265,0.12448,0.02176,0.77265,9.755023002624512,9.743844985961914,0.221189945936203,8.968650817871094,12.069619178771973,3.100968360900879,9.412423133850098,9.606305122375488,9.887322425842285,10.133270263671875,0.2810173034667969,0.7208471298217773,0.507760176794541,0.957110794982043,0.08886544406414032,0.11638470838829869,0.9014723519307473,741.2032810447965,-0.41311537344632115,1.2703702413105153
405,0405_0.15090_0.02270_0.72518,0.1509,0.0227,0.72518,9.700096130371094,9.69056510925293,0.204388827085495,8.953960418701172,11.6571683883667,2.7032079696655273,9.381180763244629,9.562824249267578,9.823404312133789,10.049856185913086,0.26058006286621094,0.668675422668457,0.458097016688615,0.8120550094050611,0.08332166075706482,0.11145040004414768,0.8712128724699715,728.3386827174337,-0.538176536972519,1.1390756098829098
406,0406_0.13615_0.02284_0.62729,0.13615,0.02284,0.62729,9.661334991455078,9.640908241271973,0.30547863245010376,8.71041488647461,13.162116050720215,4.4517011642456055,9.205761671066284,9.453643798828125,9.834641456604004,10.196094512939453,0.3809976577758789,0.990332841873169,0.7264993214263072,1.5886464416157953,0.11763942241668701,0.12466046386922015,0.9409475228125831,763.4972336588113,-0.19638822949995058,0.878597612697021
407,0407_0.12623_0.02220_0.68679,0.12623,0.0222,0.68679,9.706022262573242,9.688241004943848,0.2835599184036255,8.796422958374023,12.934271812438965,4.137848854064941,9.278985023498535,9.513957023620605,9.869297981262207,10.197935342788696,0.35534095764160156,0.9189503192901611,0.677830997967344,1.4626856917393187,0.11007703840732574,0.09494556517826545,0.9563558523789112,687.889461641309,-0.9313972596707876,1.0823339357693196
408,0408_0.14808_0.02211_0.56947,0.14808,0.02211,0.56947,9.589171409606934,9.566356658935547,0.32280728220939636,8.607913970947266,13.262662887573242,4.654748916625977,9.111550331115723,9.369001388549805,9.770236015319824,10.158453941345215,0.40123462677001953,1.0469036102294922,0.7597421814176234,1.6602774429862253,0.12361355125904083,0.18515172498390722,0.9051337580639748,947.6716547596081,1.5940343556839585,2.074945115203369
409,0409_0.13083_0.02249_0.80626,0.13083,0.02249,0.80626,9.766870498657227,9.758952140808105,0.18811075389385223,9.06600570678711,11.456416130065918,2.3904104232788086,9.471087455749512,9.640728950500488,9.881379127502441,10.088874816894531,0.24065017700195312,0.6177873611450195,0.40793829206087145,0.6792205119752954,0.0779077410697937,0.14323801881174236,0.8375158935270697,816.4687157144767,0.3185656781940056,1.3688057171711523
410,0410_0.15261_0.02196_0.67423,0.15261,0.02196,0.67423,9.657099723815918,9.64390754699707,0.24029476940631866,8.83159065246582,12.215259552001953,3.383668899536133,9.288324356079102,9.495115280151367,9.799296379089355,10.06902027130127,0.3041810989379883,0.780695915222168,0.5647065689136422,1.124462818111045,0.09535564482212067,0.09691689452058423,0.9283276004933302,692.4971134157194,-0.8866046997036681,1.3745116474076813
411,0411_0.12422_0.02182_0.80686,0.12422,0.02182,0.80686,9.770024299621582,9.761001586914062,0.19978247582912445,9.037227630615234,11.632058143615723,2.5948305130004883,9.457569122314453,9.635943412780762,9.890881538391113,10.111900329589844,0.25493812561035156,0.6543312072753906,0.44340163532472743,0.7733289166190294,0.08175317943096161,0.13727188953115002,0.8623652200377905,799.0482246770955,0.14921512228129713,1.4669852405539965
412,0412_0.14991_0.02247_0.57220,0.14991,0.02247,0.5722,9.594864845275879,9.572493553161621,0.31970351934432983,8.618936538696289,13.241927146911621,4.622990608215332,9.12120532989502,9.37694263458252,9.774543762207031,10.157882928848267,0.3976011276245117,1.036677598953247,0.7543881161300711,1.6500866362971696,0.12254921346902847,0.17665012119189788,0.9133172303869427,919.9762478425732,1.3247978256938369,1.95801566340839
413,0413_0.12897_0.02287_0.66814,0.12897,0.02287,0.66814,9.701488494873047,9.682853698730469,0.2912706434726715,8.776660919189453,13.061729431152344,4.285068511962891,9.264392614364624,9.504013061523438,9.868379592895508,10.208399772644043,0.3643665313720703,0.944007158279419,0.6958428836886721,1.511497669354589,0.11272826790809631,0.10159978402872627,0.9541119031229048,703.6939908363418,-0.7777560219253001,1.1652506993086515
414,0414_0.12897_0.02217_0.56337,0.12897,0.02217,0.56337,9.62307071685791,9.597103118896484,0.34253960847854614,8.61364459991455,13.549763679504395,4.936119079589844,9.120345115661621,9.388480186462402,9.813166856765747,10.231795310974121,0.4246866703033447,1.1114501953125,0.7893773555234649,1.701668953047263,0.13026581704616547,0.21006055952470898,0.8355069736957543,1031.3225125940546,2.407232976000693,1.5263052971112014
415,0415_0.12535_0.02301_0.81479,0.12535,0.02301,0.81479,9.792805671691895,9.784459114074707,0.19304706156253815,9.078845024108887,11.551795959472656,2.4729509353637695,9.489916801452637,9.66331958770752,9.909997940063477,10.123151779174805,0.24667835235595703,0.633234977722168,0.4227318815940867,0.7183407342567554,0.07951630651950836,0.1549290719797677,0.8484167684713768,851.6108161067649,0.6601940642483208,1.9790783172860227
416,0416_0.12574_0.02327_0.72947,0.12574,0.02327,0.72947,9.758112907409668,9.743918418884277,0.2508731186389923,8.915163040161133,12.339384078979492,3.4242210388183594,9.37467098236084,9.588934898376465,9.905696868896484,10.1888267993927,0.31676197052001953,0.8141558170318604,0.5929478279641271,1.2137569849428713,0.09884931892156601,0.10685030886954049,0.9403621134885294,716.652103639776,-0.6517857721698683,1.841520766101086
417,0417_0.14034_0.02259_0.64482,0.14034,0.02259,0.64482,9.662582397460938,9.6442232131958,0.28832125663757324,8.743480682373047,12.968202590942383,4.224721908569336,9.229408979415894,9.4671630859375,9.828065872192383,10.163818359375,0.3609027862548828,0.9344093799591064,0.6896819082028008,1.4941391953423118,0.11175455152988434,0.10349270447654232,0.9552527678890907,708.3175404265927,-0.732808913849024,0.6356549860812862
418,0418_0.15165_0.02155_0.70906,0.15165,0.02155,0.70906,9.669328689575195,9.658792495727539,0.21447934210300446,8.896289825439453,11.842496871948242,2.946207046508789,9.336255073547363,9.525134086608887,9.79802131652832,10.036212921142578,0.2728872299194336,0.6999578475952148,0.48882794835527993,0.8987103103670457,0.0866902694106102,0.10710939344396231,0.8897798862866495,717.3021847137375,-0.6454661115456375,1.6422463518343922
419,0419_0.12758_0.02159_0.67804,0.12758,0.02159,0.67804,9.685585021972656,9.66740608215332,0.28712600469589233,8.768757820129395,12.983846664428711,4.215088844299316,9.253942489624023,9.49100399017334,9.850503921508789,10.18449592590332,0.3594999313354492,0.9305534362792969,0.6866206062426589,1.4861822914386567,0.11132233589887619,0.09770383629112171,0.9556558199605971,694.3542014676478,-0.8685513111224805,0.7088461583463358
420,0420_0.13835_0.02270_0.77351,0.13835,0.0227,0.77351,9.743390083312988,9.734901428222656,0.19428788125514984,9.025262832641602,11.518158912658691,2.49289608001709,9.438815116882324,9.613031387329102,9.861278533935547,10.075958251953125,0.2482471466064453,0.6371431350708008,0.427289321076142,0.7287884245256038,0.07995741814374924,0.12854819303626622,0.8508379587525973,774.2623096789853,-0.09173724092867275,1.0118974566396006
421,0421_0.14658_0.02154_0.68081,0.14658,0.02154,0.68081,9.661542892456055,9.647701263427734,0.24637126922607422,8.821981430053711,12.218168258666992,3.3961868286132812,9.284457206726074,9.495387077331543,9.806843757629395,10.084375381469727,0.31145668029785156,0.7999181747436523,0.5819241615709156,1.1770507063342652,0.09740623086690903,0.09327608173925557,0.9353593455212426,684.0377654083263,-0.9688409170776205,1.110818061828447
422,0422_0.14041_0.02325_0.74304,0.14041,0.02325,0.74304,9.73836612701416,9.728286743164062,0.2102147340774536,8.977466583251953,11.826255798339844,2.8487892150878906,9.411208152770996,9.597138404846191,9.864800453186035,10.097874641418457,0.26766204833984375,0.6866664886474609,0.47508477109646774,0.8615499959115636,0.08522778004407883,0.1156109638550737,0.8823884492398034,739.1641822766554,-0.4329381504969001,0.8365881217553226
423,0423_0.12126_0.02199_0.57533,0.12126,0.02199,0.57533,9.64339828491211,9.617112159729004,0.3445395231246948,8.631576538085938,13.547287940979004,4.915711402893066,9.1381196975708,9.407354354858398,9.834436416625977,10.256084442138672,0.4270820617675781,1.117964744567871,0.7915945918896276,1.7029983796792285,0.1309150606393814,0.20876474794258973,0.8269666300007876,1026.8883068926784,2.3641265446751936,1.5590664078250116
424,0424_0.13325_0.02313_0.68895,0.13325,0.02313,0.68895,9.715628623962402,9.699610710144043,0.2677988111972809,8.837949752807617,12.704519271850586,3.8665695190429688,9.309463500976562,9.53459358215332,9.871482849121094,10.177651643753052,0.33688926696777344,0.8681881427764893,0.6390401433684778,1.3512878033378684,0.10466671735048294,0.08875534244342684,0.9529011203493293,673.846598031859,-1.0679127432908295,0.9559517072131466
425,0425_0.13749_0.02168_0.74062,0.13749,0.02168,0.74062,9.712740898132324,9.701927185058594,0.21731427311897278,8.935243606567383,11.947408676147461,3.012165069580078,9.37564468383789,9.566627502441406,9.842977523803711,10.0844144821167,0.2763500213623047,0.7087697982788086,0.4967934034543452,0.9232027525428723,0.08760733902454376,0.10369621055442164,0.8948381048352984,708.8178761931604,-0.7279449786115254,0.6156159680783676
426,0426_0.15149_0.02193_0.75512,0.15149,0.02193,0.75512,9.693948745727539,9.686347007751465,0.1846780627965927,9.001641273498535,11.330373764038086,2.328732490539551,9.403237342834473,9.570138931274414,9.806575775146484,10.010116577148438,0.2364368438720703,0.6068792343139648,0.3985982925449905,0.6525893363068112,0.07681874185800552,0.12640922222581882,0.8294952707739802,768.3172498259268,-0.14953120258505642,1.7868755486380332
427,0427_0.12733_0.02178_0.56886,0.12733,0.02178,0.56886,9.621967315673828,9.596107482910156,0.3418309688568115,8.613553047180176,13.550548553466797,4.936995506286621,9.120139122009277,9.387911796569824,9.811723709106445,10.229230880737305,0.4238119125366211,1.1090917587280273,0.7882231332756531,1.7006459740439412,0.1300225704908371,0.20883203016169707,0.8384724230246005,1027.1183388476688,2.366362764043047,1.5253609397057133
428,0428_0.13252_0.02323_0.79922,0.13252,0.02323,0.79922,9.774811744689941,9.766816139221191,0.189168319106102,9.071025848388672,11.480113983154297,2.409088134765625,9.477503538131714,9.647974967956543,9.889899253845215,10.098601341247559,0.24192428588867188,0.6210978031158447,0.41106711645154903,0.6874928169802064,0.07825188338756561,0.14671327587966676,0.8398873148051034,826.780632171935,0.4188113475525024,1.5278589482817413
429,0429_0.12633_0.02310_0.68881,0.12633,0.0231,0.68881,9.724577903747559,9.707019805908203,0.28194543719291687,8.818427085876465,12.915571212768555,4.09714412689209,9.299640655517578,9.53364086151123,9.887123107910156,10.21337604522705,0.3534822463989258,0.9137353897094727,0.6738016794653251,1.451466673812285,0.10950448364019394,0.09773810026170666,0.9565001131377796,694.4352874827429,-0.8677630462163064,1.548355017732713
